participant,avi,img,phone
F101,lac01242016_19_27_51,89,aa
F101,lac01242016_19_27_51,103,p
F101,lac01242016_19_27_51,118,aa
F101,lac01242016_19_27_51,397,uw
F101,lac01242016_19_27_51,406,p
F101,lac01242016_19_27_51,429,uw
F101,lac01242016_19_27_51,592,iy
F101,lac01242016_19_27_51,606,p
F101,lac01242016_19_27_51,619,iy
F101,lac01242016_19_27_51,746,aa
F101,lac01242016_19_27_51,762,t
F101,lac01242016_19_27_51,782,aa
F101,lac01242016_19_27_51,882,uw
F101,lac01242016_19_27_51,899,t
F101,lac01242016_19_27_51,920,uw
F101,lac01242016_19_27_51,1013,iy
F101,lac01242016_19_27_51,1026,t
F101,lac01242016_19_27_51,1047,iy
F101,lac01242016_19_27_51,1159,aa
F101,lac01242016_19_27_51,1175,k
F101,lac01242016_19_27_51,1191,aa
F101,lac01242016_19_27_51,1279,uw
F101,lac01242016_19_27_51,1292,k
F101,lac01242016_19_27_51,1311,uw
F101,lac01242016_19_27_51,1421,iy
F101,lac01242016_19_27_51,1434,k
F101,lac01242016_19_27_51,1448,iy
F101,lac01242016_19_27_51,1575,aa
F101,lac01242016_19_27_51,1590,b
F101,lac01242016_19_27_51,1605,aa
F101,lac01242016_19_27_51,1700,uw
F101,lac01242016_19_27_51,1714,b
F101,lac01242016_19_27_51,1730,uw
F101,lac01242016_19_27_51,1831,iy
F101,lac01242016_19_27_51,1845,b
F101,lac01242016_19_27_51,1859,iy
F101,lac01242016_19_27_51,1970,aa
F101,lac01242016_19_27_51,1989,d
F101,lac01242016_19_27_51,2009,aa
F101,lac01242016_19_27_51,2108,uw
F101,lac01242016_19_27_51,2120,d
F101,lac01242016_19_27_51,2140,uw
F101,lac01242016_19_27_51,2251,iy
F101,lac01242016_19_27_51,2261,d
F101,lac01242016_19_27_51,2275,iy
F101,lac01242016_19_27_51,2413,aa
F101,lac01242016_19_27_51,2430,g
F101,lac01242016_19_27_51,2445,aa
F101,lac01242016_19_27_51,2548,uw
F101,lac01242016_19_27_51,2562,g
F101,lac01242016_19_27_51,2574,uw
F101,lac01242016_19_27_51,2670,iy
F101,lac01242016_19_27_51,2683,g
F101,lac01242016_19_27_51,2705,iy
F101,lac01242016_19_29_03,141,aa
F101,lac01242016_19_29_03,163,th
F101,lac01242016_19_29_03,182,aa
F101,lac01242016_19_29_03,273,uw
F101,lac01242016_19_29_03,293,th
F101,lac01242016_19_29_03,310,uw
F101,lac01242016_19_29_03,415,iy
F101,lac01242016_19_29_03,430,th
F101,lac01242016_19_29_03,449,iy
F101,lac01242016_19_29_03,556,aa
F101,lac01242016_19_29_03,573,s
F101,lac01242016_19_29_03,596,aa
F101,lac01242016_19_29_03,676,uw
F101,lac01242016_19_29_03,693,s
F101,lac01242016_19_29_03,716,uw
F101,lac01242016_19_29_03,810,iy
F101,lac01242016_19_29_03,830,s
F101,lac01242016_19_29_03,854,iy
F101,lac01242016_19_29_03,961,aa
F101,lac01242016_19_29_03,984,sh
F101,lac01242016_19_29_03,998,aa
F101,lac01242016_19_29_03,1087,uw
F101,lac01242016_19_29_03,1109,sh
F101,lac01242016_19_29_03,1129,uw
F101,lac01242016_19_29_03,1223,iy
F101,lac01242016_19_29_03,1242,sh
F101,lac01242016_19_29_03,1258,iy
F101,lac01242016_19_29_03,1372,aa
F101,lac01242016_19_29_03,1389,m
F101,lac01242016_19_29_03,1404,aa
F101,lac01242016_19_29_03,1496,uw
F101,lac01242016_19_29_03,1512,m
F101,lac01242016_19_29_03,1531,uw
F101,lac01242016_19_29_03,1635,iy
F101,lac01242016_19_29_03,1652,m
F101,lac01242016_19_29_03,1662,iy
F101,lac01242016_19_29_03,1790,aa
F101,lac01242016_19_29_03,1809,n
F101,lac01242016_19_29_03,1828,aa
F101,lac01242016_19_29_03,1927,uw
F101,lac01242016_19_29_03,1943,n
F101,lac01242016_19_29_03,1965,uw
F101,lac01242016_19_29_03,2067,iy
F101,lac01242016_19_29_03,2087,n
F101,lac01242016_19_29_03,2107,iy
F101,lac01242016_19_29_03,2225,aa
F101,lac01242016_19_29_03,2241,l
F101,lac01242016_19_29_03,2260,aa
F101,lac01242016_19_29_03,2360,uw
F101,lac01242016_19_29_03,2375,l
F101,lac01242016_19_29_03,2397,uw
F101,lac01242016_19_29_03,2502,iy
F101,lac01242016_19_29_03,2514,l
F101,lac01242016_19_29_03,2531,iy
F101,lac01242016_19_30_08,139,aa
F101,lac01242016_19_30_08,160,f
F101,lac01242016_19_30_08,174,aa
F101,lac01242016_19_30_08,268,uw
F101,lac01242016_19_30_08,287,f
F101,lac01242016_19_30_08,305,uw
F101,lac01242016_19_30_08,403,iy
F101,lac01242016_19_30_08,423,f
F101,lac01242016_19_30_08,443,iy
F101,lac01242016_19_30_08,539,aa
F101,lac01242016_19_30_08,556,v
F101,lac01242016_19_30_08,576,aa
F101,lac01242016_19_30_08,663,uw
F101,lac01242016_19_30_08,683,v
F101,lac01242016_19_30_08,703,uw
F101,lac01242016_19_30_08,793,iy
F101,lac01242016_19_30_08,812,v
F101,lac01242016_19_30_08,826,iy
F101,lac01242016_19_30_08,943,aa
F101,lac01242016_19_30_08,962,r
F101,lac01242016_19_30_08,983,aa
F101,lac01242016_19_30_08,1075,uw
F101,lac01242016_19_30_08,1096,r
F101,lac01242016_19_30_08,1115,uw
F101,lac01242016_19_30_08,1211,iy
F101,lac01242016_19_30_08,1232,r
F101,lac01242016_19_30_08,1251,iy
F101,lac01242016_19_30_08,1771,aa
F101,lac01242016_19_30_08,1788,w
F101,lac01242016_19_30_08,1805,aa
F101,lac01242016_19_30_08,1905,uw
F101,lac01242016_19_30_08,1916,w
F101,lac01242016_19_30_08,1936,uw
F101,lac01242016_19_30_08,2019,iy
F101,lac01242016_19_30_08,2046,w
F101,lac01242016_19_30_08,2061,iy
F101,lac01242016_19_30_08,2169,aa
F101,lac01242016_19_30_08,2186,y
F101,lac01242016_19_30_08,2210,aa
F101,lac01242016_19_30_08,2298,uw
F101,lac01242016_19_30_08,2313,y
F101,lac01242016_19_30_08,2335,uw
F101,lac01242016_19_30_08,2423,iy
F101,lac01242016_19_30_08,2439,y
F101,lac01242016_19_30_08,2460,iy
F101,lac01242016_19_31_21,137,b
F101,lac01242016_19_31_21,153,iy
F101,lac01242016_19_31_21,165,t
F101,lac01242016_19_31_21,259,b
F101,lac01242016_19_31_21,271,ih
F101,lac01242016_19_31_21,282,t
F101,lac01242016_19_31_21,386,b
F101,lac01242016_19_31_21,415,t
F101,lac01242016_19_31_21,516,b
F101,lac01242016_19_31_21,528,eh
F101,lac01242016_19_31_21,547,t
F101,lac01242016_19_31_21,639,b
F101,lac01242016_19_31_21,656,ae
F101,lac01242016_19_31_21,678,t
F101,lac01242016_19_31_21,774,p
F101,lac01242016_19_31_21,783,aa
F101,lac01242016_19_31_21,806,t
F101,lac01242016_19_31_21,896,b
F101,lac01242016_19_31_21,912,ah
F101,lac01242016_19_31_21,924,t
F101,lac01242016_19_31_21,1024,b
F101,lac01242016_19_31_21,1040,aa
F101,lac01242016_19_31_21,1058,t
F101,lac01242016_19_31_21,1168,b
F101,lac01242016_19_31_21,1197,t
F101,lac01242016_19_31_21,1290,b
F101,lac01242016_19_31_21,1307,uw
F101,lac01242016_19_31_21,1325,t
F101,lac01242016_19_31_21,1426,p
F101,lac01242016_19_31_21,1431,uh
F101,lac01242016_19_31_21,1453,t
F101,lac01242016_19_31_21,1554,b
F101,lac01242016_19_31_21,1595,t
F101,lac01242016_19_31_21,1692,b
F101,lac01242016_19_31_21,1698,y
F101,lac01242016_19_31_21,1711,uw
F101,lac01242016_19_31_21,1725,t
F101,lac01242016_19_31_21,1825,b
F101,lac01242016_19_31_21,1841,er
F101,lac01242016_19_31_21,1853,d
F101,lac01242016_19_31_21,1950,b
F101,lac01242016_19_31_21,1985,d
F101,lac01242016_19_38_38,161,aa
F101,lac01242016_19_38_38,181,p
F101,lac01242016_19_38_38,199,aa
F101,lac01242016_19_38_38,291,uw
F101,lac01242016_19_38_38,301,p
F101,lac01242016_19_38_38,315,uw
F101,lac01242016_19_38_38,419,iy
F101,lac01242016_19_38_38,431,p
F101,lac01242016_19_38_38,452,iy
F101,lac01242016_19_38_38,552,aa
F101,lac01242016_19_38_38,569,t
F101,lac01242016_19_38_38,596,aa
F101,lac01242016_19_38_38,675,uw
F101,lac01242016_19_38_38,695,t
F101,lac01242016_19_38_38,719,uw
F101,lac01242016_19_38_38,793,iy
F101,lac01242016_19_38_38,811,t
F101,lac01242016_19_38_38,827,iy
F101,lac01242016_19_38_38,916,aa
F101,lac01242016_19_38_38,932,k
F101,lac01242016_19_38_38,954,aa
F101,lac01242016_19_38_38,1037,uw
F101,lac01242016_19_38_38,1048,k
F101,lac01242016_19_38_38,1068,uw
F101,lac01242016_19_38_38,1148,iy
F101,lac01242016_19_38_38,1165,k
F101,lac01242016_19_38_38,1189,iy
F101,lac01242016_19_38_38,1293,aa
F101,lac01242016_19_38_38,1311,b
F101,lac01242016_19_38_38,1333,aa
F101,lac01242016_19_38_38,1411,uw
F101,lac01242016_19_38_38,1428,b
F101,lac01242016_19_38_38,1451,uw
F101,lac01242016_19_38_38,1540,iy
F101,lac01242016_19_38_38,1552,b
F101,lac01242016_19_38_38,1564,iy
F101,lac01242016_19_38_38,1679,aa
F101,lac01242016_19_38_38,1700,d
F101,lac01242016_19_38_38,1721,aa
F101,lac01242016_19_38_38,1807,uw
F101,lac01242016_19_38_38,1815,d
F101,lac01242016_19_38_38,1841,uw
F101,lac01242016_19_38_38,1916,iy
F101,lac01242016_19_38_38,1928,d
F101,lac01242016_19_38_38,1950,iy
F101,lac01242016_19_38_38,2048,aa
F101,lac01242016_19_38_38,2064,g
F101,lac01242016_19_38_38,2082,aa
F101,lac01242016_19_38_38,2158,uw
F101,lac01242016_19_38_38,2173,g
F101,lac01242016_19_38_38,2192,uw
F101,lac01242016_19_38_38,2271,iy
F101,lac01242016_19_38_38,2288,g
F101,lac01242016_19_38_38,2307,iy
F101,lac01242016_19_39_38,136,aa
F101,lac01242016_19_39_38,156,th
F101,lac01242016_19_39_38,171,aa
F101,lac01242016_19_39_38,249,uw
F101,lac01242016_19_39_38,269,th
F101,lac01242016_19_39_38,285,uw
F101,lac01242016_19_39_38,365,iy
F101,lac01242016_19_39_38,379,th
F101,lac01242016_19_39_38,403,iy
F101,lac01242016_19_39_38,488,aa
F101,lac01242016_19_39_38,513,s
F101,lac01242016_19_39_38,531,aa
F101,lac01242016_19_39_38,604,uw
F101,lac01242016_19_39_38,627,s
F101,lac01242016_19_39_38,649,uw
F101,lac01242016_19_39_38,715,iy
F101,lac01242016_19_39_38,731,s
F101,lac01242016_19_39_38,751,iy
F101,lac01242016_19_39_38,844,aa
F101,lac01242016_19_39_38,868,s
F101,lac01242016_19_39_38,884,aa
F101,lac01242016_19_39_38,944,uw
F101,lac01242016_19_39_38,965,s
F101,lac01242016_19_39_38,990,uw
F101,lac01242016_19_39_38,1081,iy
F101,lac01242016_19_39_38,1112,s
F101,lac01242016_19_39_38,1128,iy
F101,lac01242016_19_39_38,1239,aa
F101,lac01242016_19_39_38,1258,m
F101,lac01242016_19_39_38,1276,aa
F101,lac01242016_19_39_38,1348,uw
F101,lac01242016_19_39_38,1371,m
F101,lac01242016_19_39_38,1393,uw
F101,lac01242016_19_39_38,1480,iy
F101,lac01242016_19_39_38,1495,m
F101,lac01242016_19_39_38,1511,iy
F101,lac01242016_19_39_38,1616,aa
F101,lac01242016_19_39_38,1632,n
F101,lac01242016_19_39_38,1648,aa
F101,lac01242016_19_39_38,1728,uw
F101,lac01242016_19_39_38,1746,n
F101,lac01242016_19_39_38,1771,uw
F101,lac01242016_19_39_38,1852,iy
F101,lac01242016_19_39_38,1871,n
F101,lac01242016_19_39_38,1888,iy
F101,lac01242016_19_39_38,1994,aa
F101,lac01242016_19_39_38,2010,l
F101,lac01242016_19_39_38,2032,aa
F101,lac01242016_19_39_38,2111,uw
F101,lac01242016_19_39_38,2129,l
F101,lac01242016_19_39_38,2143,uw
F101,lac01242016_19_39_38,2242,iy
F101,lac01242016_19_39_38,2258,l
F101,lac01242016_19_39_38,2278,iy
F101,lac01242016_19_44_39,132,aa
F101,lac01242016_19_44_39,148,f
F101,lac01242016_19_44_39,169,aa
F101,lac01242016_19_44_39,249,uw
F101,lac01242016_19_44_39,274,f
F101,lac01242016_19_44_39,298,uw
F101,lac01242016_19_44_39,377,iy
F101,lac01242016_19_44_39,392,f
F101,lac01242016_19_44_39,414,iy
F101,lac01242016_19_44_39,506,aa
F101,lac01242016_19_44_39,527,v
F101,lac01242016_19_44_39,550,aa
F101,lac01242016_19_44_39,625,uw
F101,lac01242016_19_44_39,646,v
F101,lac01242016_19_44_39,668,uw
F101,lac01242016_19_44_39,741,iy
F101,lac01242016_19_44_39,764,v
F101,lac01242016_19_44_39,785,iy
F101,lac01242016_19_44_39,867,aa
F101,lac01242016_19_44_39,887,r
F101,lac01242016_19_44_39,903,aa
F101,lac01242016_19_44_39,985,uw
F101,lac01242016_19_44_39,1005,r
F101,lac01242016_19_44_39,1023,uw
F101,lac01242016_19_44_39,1107,iy
F101,lac01242016_19_44_39,1124,r
F101,lac01242016_19_44_39,1146,iy
F101,lac01242016_19_44_39,1607,aa
F101,lac01242016_19_44_39,1627,w
F101,lac01242016_19_44_39,1645,aa
F101,lac01242016_19_44_39,1740,uw
F101,lac01242016_19_44_39,1749,w
F101,lac01242016_19_44_39,1778,uw
F101,lac01242016_19_44_39,1850,iy
F101,lac01242016_19_44_39,1871,w
F101,lac01242016_19_44_39,1892,iy
F101,lac01242016_19_44_39,1997,aa
F101,lac01242016_19_44_39,2011,y
F101,lac01242016_19_44_39,2029,aa
F101,lac01242016_19_44_39,2100,uw
F101,lac01242016_19_44_39,2120,y
F101,lac01242016_19_44_39,2144,uw
F101,lac01242016_19_44_39,2228,iy
F101,lac01242016_19_44_39,2235,y
F101,lac01242016_19_44_39,2262,iy
F101,lac01242016_19_45_58,138,b
F101,lac01242016_19_45_58,154,iy
F101,lac01242016_19_45_58,175,t
F101,lac01242016_19_45_58,249,b
F101,lac01242016_19_45_58,263,ih
F101,lac01242016_19_45_58,282,t
F101,lac01242016_19_45_58,353,b
F101,lac01242016_19_45_58,368,ey
F101,lac01242016_19_45_58,388,t
F101,lac01242016_19_45_58,472,b
F101,lac01242016_19_45_58,480,eh
F101,lac01242016_19_45_58,499,t
F101,lac01242016_19_45_58,585,b
F101,lac01242016_19_45_58,603,ae
F101,lac01242016_19_45_58,625,t
F101,lac01242016_19_45_58,698,p
F101,lac01242016_19_45_58,713,aa
F101,lac01242016_19_45_58,735,t
F101,lac01242016_19_45_58,815,b
F101,lac01242016_19_45_58,829,ah
F101,lac01242016_19_45_58,846,t
F101,lac01242016_19_45_58,931,b
F101,lac01242016_19_45_58,948,ao
F101,lac01242016_19_45_58,970,t
F101,lac01242016_19_45_58,1050,b
F101,lac01242016_19_45_58,1063,ow
F101,lac01242016_19_45_58,1092,t
F101,lac01242016_19_45_58,1169,b
F101,lac01242016_19_45_58,1186,uw
F101,lac01242016_19_45_58,1203,t
F101,lac01242016_19_45_58,1288,p
F101,lac01242016_19_45_58,1301,uh
F101,lac01242016_19_45_58,1318,t
F101,lac01242016_19_45_58,1392,b
F101,lac01242016_19_45_58,1410,ay
F101,lac01242016_19_45_58,1437,t
F101,lac01242016_19_45_58,1525,b
F101,lac01242016_19_45_58,1535,y
F101,lac01242016_19_45_58,1545,uw
F101,lac01242016_19_45_58,1561,t
F101,lac01242016_19_45_58,1643,b
F101,lac01242016_19_45_58,1664,r
F101,lac01242016_19_45_58,1678,d
F101,lac01242016_19_45_58,1783,b
F101,lac01242016_19_45_58,1787,oy
F101,lac01242016_19_45_58,1802,d
F101,lac01242016_19_45_58,1890,ae
F101,lac01242016_19_45_58,1904,b
F101,lac01242016_19_45_58,1911,ax
F101,lac01242016_19_45_58,1924,t
F102,lac01312016_19_02_45,171,aa
F102,lac01312016_19_02_45,186,p
F102,lac01312016_19_02_45,200,aa
F102,lac01312016_19_02_45,330,uw
F102,lac01312016_19_02_45,338,p
F102,lac01312016_19_02_45,356,uw
F102,lac01312016_19_02_45,506,iy
F102,lac01312016_19_02_45,516,p
F102,lac01312016_19_02_45,527,iy
F102,lac01312016_19_02_45,660,aa
F102,lac01312016_19_02_45,673,t
F102,lac01312016_19_02_45,838,uw
F102,lac01312016_19_02_45,853,t
F102,lac01312016_19_02_45,871,uw
F102,lac01312016_19_02_45,960,aa
F102,lac01312016_19_02_45,1058,iy
F102,lac01312016_19_02_45,1068,t
F102,lac01312016_19_02_45,1091,iy
F102,lac01312016_19_02_45,1320,aa
F102,lac01312016_19_02_45,1337,k
F102,lac01312016_19_02_45,1353,aa
F102,lac01312016_19_02_45,1487,uw
F102,lac01312016_19_02_45,1496,k
F102,lac01312016_19_02_45,1515,uw
F102,lac01312016_19_02_45,1638,iy
F102,lac01312016_19_02_45,1645,k
F102,lac01312016_19_02_45,1662,iy
F102,lac01312016_19_02_45,1787,aa
F102,lac01312016_19_02_45,1795,b
F102,lac01312016_19_02_45,1812,aa
F102,lac01312016_19_02_45,1928,uw
F102,lac01312016_19_02_45,1937,b
F102,lac01312016_19_02_45,1955,uw
F102,lac01312016_19_02_45,2068,iy
F102,lac01312016_19_02_45,2076,b
F102,lac01312016_19_02_45,2093,iy
F102,lac01312016_19_02_45,2204,aa
F102,lac01312016_19_02_45,2216,d
F102,lac01312016_19_02_45,2228,aa
F102,lac01312016_19_02_45,2370,uw
F102,lac01312016_19_02_45,2380,d
F102,lac01312016_19_02_45,2398,uw
F102,lac01312016_19_02_45,2526,iy
F102,lac01312016_19_02_45,2536,d
F102,lac01312016_19_02_45,2554,iy
F102,lac01312016_19_02_45,2672,aa
F102,lac01312016_19_02_45,2686,g
F102,lac01312016_19_02_45,2703,aa
F102,lac01312016_19_02_45,2831,uw
F102,lac01312016_19_02_45,2849,g
F102,lac01312016_19_02_45,2860,uw
F102,lac01312016_19_02_45,2998,iy
F102,lac01312016_19_02_45,3010,g
F102,lac01312016_19_02_45,3027,iy
F102,lac01312016_19_04_06,163,aa
F102,lac01312016_19_04_06,174,th
F102,lac01312016_19_04_06,191,aa
F102,lac01312016_19_04_06,316,uw
F102,lac01312016_19_04_06,326,th
F102,lac01312016_19_04_06,347,uw
F102,lac01312016_19_04_06,459,iy
F102,lac01312016_19_04_06,468,th
F102,lac01312016_19_04_06,486,iy
F102,lac01312016_19_04_06,619,aa
F102,lac01312016_19_04_06,635,s
F102,lac01312016_19_04_06,651,aa
F102,lac01312016_19_04_06,780,uw
F102,lac01312016_19_04_06,793,s
F102,lac01312016_19_04_06,809,uw
F102,lac01312016_19_04_06,921,iy
F102,lac01312016_19_04_06,935,s
F102,lac01312016_19_04_06,948,iy
F102,lac01312016_19_04_06,1068,aa
F102,lac01312016_19_04_06,1085,sh
F102,lac01312016_19_04_06,1102,aa
F102,lac01312016_19_04_06,1206,uw
F102,lac01312016_19_04_06,1215,sh
F102,lac01312016_19_04_06,1237,uw
F102,lac01312016_19_04_06,1342,iy
F102,lac01312016_19_04_06,1355,sh
F102,lac01312016_19_04_06,1366,iy
F102,lac01312016_19_04_06,1489,aa
F102,lac01312016_19_04_06,1499,m
F102,lac01312016_19_04_06,1517,aa
F102,lac01312016_19_04_06,1625,uw
F102,lac01312016_19_04_06,1634,n
F102,lac01312016_19_04_06,1647,uw
F102,lac01312016_19_04_06,1759,iy
F102,lac01312016_19_04_06,1767,m
F102,lac01312016_19_04_06,1783,iy
F102,lac01312016_19_04_06,1902,aa
F102,lac01312016_19_04_06,1912,n
F102,lac01312016_19_04_06,1927,aa
F102,lac01312016_19_04_06,2052,uw
F102,lac01312016_19_04_06,2061,n
F102,lac01312016_19_04_06,2088,uw
F102,lac01312016_19_04_06,2177,iy
F102,lac01312016_19_04_06,2185,n
F102,lac01312016_19_04_06,2198,iy
F102,lac01312016_19_04_06,2352,aa
F102,lac01312016_19_04_06,2364,l
F102,lac01312016_19_04_06,2377,aa
F102,lac01312016_19_04_06,2488,uw
F102,lac01312016_19_04_06,2497,l
F102,lac01312016_19_04_06,2514,uw
F102,lac01312016_19_04_06,2624,iy
F102,lac01312016_19_04_06,2633,l
F102,lac01312016_19_04_06,2645,iy
F102,lac01312016_19_05_12,164,aa
F102,lac01312016_19_05_12,177,f
F102,lac01312016_19_05_12,195,aa
F102,lac01312016_19_05_12,324,uw
F102,lac01312016_19_05_12,334,f
F102,lac01312016_19_05_12,348,uw
F102,lac01312016_19_05_12,472,iy
F102,lac01312016_19_05_12,482,f
F102,lac01312016_19_05_12,499,iy
F102,lac01312016_19_05_12,627,aa
F102,lac01312016_19_05_12,638,v
F102,lac01312016_19_05_12,658,aa
F102,lac01312016_19_05_12,786,uw
F102,lac01312016_19_05_12,795,v
F102,lac01312016_19_05_12,811,uw
F102,lac01312016_19_05_12,925,iy
F102,lac01312016_19_05_12,935,v
F102,lac01312016_19_05_12,948,iy
F102,lac01312016_19_05_12,1081,aa
F102,lac01312016_19_05_12,1094,r
F102,lac01312016_19_05_12,1112,aa
F102,lac01312016_19_05_12,1218,uw
F102,lac01312016_19_05_12,1230,r
F102,lac01312016_19_05_12,1244,uw
F102,lac01312016_19_05_12,1357,iy
F102,lac01312016_19_05_12,1373,r
F102,lac01312016_19_05_12,1388,iy
F102,lac01312016_19_05_12,1905,aa
F102,lac01312016_19_05_12,1916,w
F102,lac01312016_19_05_12,1928,aa
F102,lac01312016_19_05_12,2055,uw
F102,lac01312016_19_05_12,2072,w
F102,lac01312016_19_05_12,2078,uw
F102,lac01312016_19_05_12,2181,iy
F102,lac01312016_19_05_12,2192,w
F102,lac01312016_19_05_12,2205,iy
F102,lac01312016_19_05_12,2332,aa
F102,lac01312016_19_05_12,2347,y
F102,lac01312016_19_05_12,2368,aa
F102,lac01312016_19_05_12,2461,uw
F102,lac01312016_19_05_12,2470,y
F102,lac01312016_19_05_12,2491,uw
F102,lac01312016_19_05_12,2598,iy
F102,lac01312016_19_05_12,2612,y
F102,lac01312016_19_05_12,2634,iy
F102,lac01312016_19_06_17,179,b
F102,lac01312016_19_06_17,194,iy
F102,lac01312016_19_06_17,207,t
F102,lac01312016_19_06_17,330,b
F102,lac01312016_19_06_17,345,ih
F102,lac01312016_19_06_17,359,t
F102,lac01312016_19_06_17,467,b
F102,lac01312016_19_06_17,481,ey
F102,lac01312016_19_06_17,494,t
F102,lac01312016_19_06_17,598,b
F102,lac01312016_19_06_17,612,eh
F102,lac01312016_19_06_17,625,t
F102,lac01312016_19_06_17,718,b
F102,lac01312016_19_06_17,731,ae
F102,lac01312016_19_06_17,745,t
F102,lac01312016_19_06_17,859,p
F102,lac01312016_19_06_17,876,aa
F102,lac01312016_19_06_17,893,t
F102,lac01312016_19_06_17,1033,b
F102,lac01312016_19_06_17,1046,ah
F102,lac01312016_19_06_17,1057,t
F102,lac01312016_19_06_17,1170,b
F102,lac01312016_19_06_17,1183,ao
F102,lac01312016_19_06_17,1197,t
F102,lac01312016_19_06_17,1303,b
F102,lac01312016_19_06_17,1315,ow
F102,lac01312016_19_06_17,1329,t
F102,lac01312016_19_06_17,1440,b
F102,lac01312016_19_06_17,1451,uw
F102,lac01312016_19_06_17,1460,t
F102,lac01312016_19_06_17,1568,p
F102,lac01312016_19_06_17,1581,uh
F102,lac01312016_19_06_17,1592,t
F102,lac01312016_19_06_17,1699,b
F102,lac01312016_19_06_17,1709,ay
F102,lac01312016_19_06_17,1724,t
F102,lac01312016_19_06_17,1900,b
F102,lac01312016_19_06_17,1905,y
F102,lac01312016_19_06_17,1914,uw
F102,lac01312016_19_06_17,1923,t
F102,lac01312016_19_06_17,2030,b
F102,lac01312016_19_06_17,2047,r
F102,lac01312016_19_06_17,2062,d
F102,lac01312016_19_06_17,2156,b
F102,lac01312016_19_06_17,2169,oy
F102,lac01312016_19_06_17,2191,d
F102,lac01312016_19_06_17,2309,ae
F102,lac01312016_19_06_17,2319,b
F102,lac01312016_19_06_17,2326,ax
F102,lac01312016_19_06_17,2337,t
F102,lac01312016_19_24_19,125,aa
F102,lac01312016_19_24_19,135,p
F102,lac01312016_19_24_19,149,aa
F102,lac01312016_19_24_19,255,uw
F102,lac01312016_19_24_19,263,p
F102,lac01312016_19_24_19,286,uw
F102,lac01312016_19_24_19,386,iy
F102,lac01312016_19_24_19,396,p
F102,lac01312016_19_24_19,411,iy
F102,lac01312016_19_24_19,527,aa
F102,lac01312016_19_24_19,539,t
F102,lac01312016_19_24_19,558,aa
F102,lac01312016_19_24_19,654,uw
F102,lac01312016_19_24_19,664,t
F102,lac01312016_19_24_19,690,uw
F102,lac01312016_19_24_19,782,iy
F102,lac01312016_19_24_19,794,t
F102,lac01312016_19_24_19,813,iy
F102,lac01312016_19_24_19,917,aa
F102,lac01312016_19_24_19,928,k
F102,lac01312016_19_24_19,944,aa
F102,lac01312016_19_24_19,1042,uw
F102,lac01312016_19_24_19,1055,k
F102,lac01312016_19_24_19,1071,uw
F102,lac01312016_19_24_19,1162,iy
F102,lac01312016_19_24_19,1174,k
F102,lac01312016_19_24_19,1200,iy
F102,lac01312016_19_24_19,1300,aa
F102,lac01312016_19_24_19,1309,b
F102,lac01312016_19_24_19,1326,aa
F102,lac01312016_19_24_19,1414,uw
F102,lac01312016_19_24_19,1421,b
F102,lac01312016_19_24_19,1440,uw
F102,lac01312016_19_24_19,1524,iy
F102,lac01312016_19_24_19,1532,b
F102,lac01312016_19_24_19,1549,iy
F102,lac01312016_19_24_19,1661,aa
F102,lac01312016_19_24_19,1673,d
F102,lac01312016_19_24_19,1690,aa
F102,lac01312016_19_24_19,1776,uw
F102,lac01312016_19_24_19,1786,d
F102,lac01312016_19_24_19,1803,uw
F102,lac01312016_19_24_19,1883,iy
F102,lac01312016_19_24_19,1894,d
F102,lac01312016_19_24_19,1903,iy
F102,lac01312016_19_24_19,1992,aa
F102,lac01312016_19_24_19,2006,g
F102,lac01312016_19_24_19,2019,aa
F102,lac01312016_19_24_19,2107,uw
F102,lac01312016_19_24_19,2118,g
F102,lac01312016_19_24_19,2138,uw
F102,lac01312016_19_24_19,2223,iy
F102,lac01312016_19_24_19,2234,g
F102,lac01312016_19_24_19,2251,iy
F102,lac01312016_19_25_23,130,aa
F102,lac01312016_19_25_23,142,th
F102,lac01312016_19_25_23,167,aa
F102,lac01312016_19_25_23,266,uw
F102,lac01312016_19_25_23,277,th
F102,lac01312016_19_25_23,295,uw
F102,lac01312016_19_25_23,378,iy
F102,lac01312016_19_25_23,396,th
F102,lac01312016_19_25_23,414,iy
F102,lac01312016_19_25_23,532,aa
F102,lac01312016_19_25_23,548,s
F102,lac01312016_19_25_23,564,aa
F102,lac01312016_19_25_23,661,uw
F102,lac01312016_19_25_23,673,s
F102,lac01312016_19_25_23,692,uw
F102,lac01312016_19_25_23,799,iy
F102,lac01312016_19_25_23,810,s
F102,lac01312016_19_25_23,818,iy
F102,lac01312016_19_25_23,940,aa
F102,lac01312016_19_25_23,962,sh
F102,lac01312016_19_25_23,978,aa
F102,lac01312016_19_25_23,1073,uw
F102,lac01312016_19_25_23,1090,sh
F102,lac01312016_19_25_23,1104,uw
F102,lac01312016_19_25_23,1200,iy
F102,lac01312016_19_25_23,1213,sh
F102,lac01312016_19_25_23,1234,iy
F102,lac01312016_19_25_23,1350,aa
F102,lac01312016_19_25_23,1363,m
F102,lac01312016_19_25_23,1375,aa
F102,lac01312016_19_25_23,1479,uw
F102,lac01312016_19_25_23,1486,m
F102,lac01312016_19_25_23,1502,uw
F102,lac01312016_19_25_23,1596,iy
F102,lac01312016_19_25_23,1603,m
F102,lac01312016_19_25_23,1616,iy
F102,lac01312016_19_25_23,1740,aa
F102,lac01312016_19_25_23,1750,n
F102,lac01312016_19_25_23,1764,aa
F102,lac01312016_19_25_23,1863,uw
F102,lac01312016_19_25_23,1874,n
F102,lac01312016_19_25_23,1891,uw
F102,lac01312016_19_25_23,1991,iy
F102,lac01312016_19_25_23,1999,n
F102,lac01312016_19_25_23,2015,iy
F102,lac01312016_19_25_23,2134,aa
F102,lac01312016_19_25_23,2144,l
F102,lac01312016_19_25_23,2157,aa
F102,lac01312016_19_25_23,2257,uw
F102,lac01312016_19_25_23,2268,l
F102,lac01312016_19_25_23,2281,uw
F102,lac01312016_19_25_23,2368,iy
F102,lac01312016_19_25_23,2376,l
F102,lac01312016_19_25_23,2390,iy
F102,lac01312016_19_26_26,143,aa
F102,lac01312016_19_26_26,156,f
F102,lac01312016_19_26_26,172,aa
F102,lac01312016_19_26_26,272,uw
F102,lac01312016_19_26_26,276,f
F102,lac01312016_19_26_26,291,uw
F102,lac01312016_19_26_26,385,iy
F102,lac01312016_19_26_26,395,f
F102,lac01312016_19_26_26,410,iy
F102,lac01312016_19_26_26,513,aa
F102,lac01312016_19_26_26,526,v
F102,lac01312016_19_26_26,538,aa
F102,lac01312016_19_26_26,631,uw
F102,lac01312016_19_26_26,640,v
F102,lac01312016_19_26_26,663,uw
F102,lac01312016_19_26_26,743,iy
F102,lac01312016_19_26_26,753,v
F102,lac01312016_19_26_26,768,iy
F102,lac01312016_19_26_26,883,aa
F102,lac01312016_19_26_26,893,r
F102,lac01312016_19_26_26,911,aa
F102,lac01312016_19_26_26,1016,uw
F102,lac01312016_19_26_26,1030,r
F102,lac01312016_19_26_26,1042,uw
F102,lac01312016_19_26_26,1144,iy
F102,lac01312016_19_26_26,1151,r
F102,lac01312016_19_26_26,1172,iy
F102,lac01312016_19_26_26,1681,aa
F102,lac01312016_19_26_26,1696,w
F102,lac01312016_19_26_26,1712,aa
F102,lac01312016_19_26_26,1797,uw
F102,lac01312016_19_26_26,1809,w
F102,lac01312016_19_26_26,1826,uw
F102,lac01312016_19_26_26,1923,iy
F102,lac01312016_19_26_26,1938,w
F102,lac01312016_19_26_26,1949,iy
F102,lac01312016_19_26_26,2065,aa
F102,lac01312016_19_26_26,2080,y
F102,lac01312016_19_26_26,2096,aa
F102,lac01312016_19_26_26,2195,uw
F102,lac01312016_19_26_26,2207,y
F102,lac01312016_19_26_26,2221,uw
F102,lac01312016_19_26_26,2301,iy
F102,lac01312016_19_26_26,2315,y
F102,lac01312016_19_26_26,2336,iy
F102,lac01312016_19_27_24,341,b
F102,lac01312016_19_27_24,358,iy
F102,lac01312016_19_27_24,373,t
F102,lac01312016_19_27_24,468,b
F102,lac01312016_19_27_24,480,ih
F102,lac01312016_19_27_24,490,t
F102,lac01312016_19_27_24,586,b
F102,lac01312016_19_27_24,598,ey
F102,lac01312016_19_27_24,610,t
F102,lac01312016_19_27_24,706,b
F102,lac01312016_19_27_24,717,eh
F102,lac01312016_19_27_24,729,t
F102,lac01312016_19_27_24,820,b
F102,lac01312016_19_27_24,834,ae
F102,lac01312016_19_27_24,848,t
F102,lac01312016_19_27_24,952,p
F102,lac01312016_19_27_24,970,ao
F102,lac01312016_19_27_24,982,t
F102,lac01312016_19_27_24,1083,b
F102,lac01312016_19_27_24,1092,ah
F102,lac01312016_19_27_24,1103,t
F102,lac01312016_19_27_24,1213,b
F102,lac01312016_19_27_24,1224,aa
F102,lac01312016_19_27_24,1239,t
F102,lac01312016_19_27_24,1336,b
F102,lac01312016_19_27_24,1344,ow
F102,lac01312016_19_27_24,1360,t
F102,lac01312016_19_27_24,1453,b
F102,lac01312016_19_27_24,1463,uw
F102,lac01312016_19_27_24,1474,t
F102,lac01312016_19_27_24,1583,p
F102,lac01312016_19_27_24,1594,uh
F102,lac01312016_19_27_24,1608,t
F102,lac01312016_19_27_24,1703,b
F102,lac01312016_19_27_24,1712,ay
F102,lac01312016_19_27_24,1726,t
F102,lac01312016_19_27_24,1825,b
F102,lac01312016_19_27_24,1830,y
F102,lac01312016_19_27_24,1837,uw
F102,lac01312016_19_27_24,1844,t
F102,lac01312016_19_27_24,1942,b
F102,lac01312016_19_27_24,1953,r
F102,lac01312016_19_27_24,1969,d
F102,lac01312016_19_27_24,2061,b
F102,lac01312016_19_27_24,2078,oy
F102,lac01312016_19_27_24,2091,d
F102,lac01312016_19_27_24,2202,ae
F102,lac01312016_19_27_24,2212,b
F102,lac01312016_19_27_24,2219,ax
F102,lac01312016_19_27_24,2228,t
F103,lac07242016_16_32_06,262,aa
F103,lac07242016_16_32_06,293,p
F103,lac07242016_16_32_06,314,aa
F103,lac07242016_16_32_06,439,uw
F103,lac07242016_16_32_06,456,p
F103,lac07242016_16_32_06,489,uw
F103,lac07242016_16_32_06,588,iy
F103,lac07242016_16_32_06,609,p
F103,lac07242016_16_32_06,628,iy
F103,lac07242016_16_32_06,752,aa
F103,lac07242016_16_32_06,778,t
F103,lac07242016_16_32_06,798,aa
F103,lac07242016_16_32_06,900,uw
F103,lac07242016_16_32_06,919,t
F103,lac07242016_16_32_06,946,uw
F103,lac07242016_16_32_06,1044,iy
F103,lac07242016_16_32_06,1060,t
F103,lac07242016_16_32_06,1081,iy
F103,lac07242016_16_32_06,1185,aa
F103,lac07242016_16_32_06,1204,k
F103,lac07242016_16_32_06,1226,aa
F103,lac07242016_16_32_06,1322,uw
F103,lac07242016_16_32_06,1332,k
F103,lac07242016_16_32_06,1362,uw
F103,lac07242016_16_32_06,1472,iy
F103,lac07242016_16_32_06,1482,k
F103,lac07242016_16_32_06,1497,iy
F103,lac07242016_16_32_06,1611,aa
F103,lac07242016_16_32_06,1630,b
F103,lac07242016_16_32_06,1652,aa
F103,lac07242016_16_32_06,1744,uw
F103,lac07242016_16_32_06,1752,b
F103,lac07242016_16_32_06,1778,uw
F103,lac07242016_16_32_06,1866,iy
F103,lac07242016_16_32_06,1881,b
F103,lac07242016_16_32_06,1901,iy
F103,lac07242016_16_32_06,2007,aa
F103,lac07242016_16_32_06,2028,d
F103,lac07242016_16_32_06,2047,aa
F103,lac07242016_16_32_06,2132,uw
F103,lac07242016_16_32_06,2150,d
F103,lac07242016_16_32_06,2177,uw
F103,lac07242016_16_32_06,2262,iy
F103,lac07242016_16_32_06,2274,d
F103,lac07242016_16_32_06,2293,iy
F103,lac07242016_16_32_06,2416,aa
F103,lac07242016_16_32_06,2432,g
F103,lac07242016_16_32_06,2451,aa
F103,lac07242016_16_32_06,2558,uw
F103,lac07242016_16_32_06,2574,g
F103,lac07242016_16_32_06,2597,uw
F103,lac07242016_16_32_06,2730,iy
F103,lac07242016_16_32_06,2736,g
F103,lac07242016_16_32_06,2751,iy
F103,lac07242016_16_33_18,185,aa
F103,lac07242016_16_33_18,209,th
F103,lac07242016_16_33_18,226,aa
F103,lac07242016_16_33_18,332,uw
F103,lac07242016_16_33_18,355,th
F103,lac07242016_16_33_18,380,uw
F103,lac07242016_16_33_18,483,iy
F103,lac07242016_16_33_18,500,th
F103,lac07242016_16_33_18,524,iy
F103,lac07242016_16_33_18,643,aa
F103,lac07242016_16_33_18,672,s
F103,lac07242016_16_33_18,693,aa
F103,lac07242016_16_33_18,799,uw
F103,lac07242016_16_33_18,819,s
F103,lac07242016_16_33_18,845,uw
F103,lac07242016_16_33_18,1008,iy
F103,lac07242016_16_33_18,1024,s
F103,lac07242016_16_33_18,1042,iy
F103,lac07242016_16_33_18,1178,aa
F103,lac07242016_16_33_18,1205,sh
F103,lac07242016_16_33_18,1228,aa
F103,lac07242016_16_33_18,1335,uw
F103,lac07242016_16_33_18,1358,sh
F103,lac07242016_16_33_18,1383,uw
F103,lac07242016_16_33_18,1491,iy
F103,lac07242016_16_33_18,1510,sh
F103,lac07242016_16_33_18,1533,iy
F103,lac07242016_16_33_18,1664,aa
F103,lac07242016_16_33_18,1684,m
F103,lac07242016_16_33_18,1703,aa
F103,lac07242016_16_33_18,1801,uw
F103,lac07242016_16_33_18,1810,m
F103,lac07242016_16_33_18,1834,uw
F103,lac07242016_16_33_18,1932,iy
F103,lac07242016_16_33_18,1946,m
F103,lac07242016_16_33_18,1967,iy
F103,lac07242016_16_33_18,2078,aa
F103,lac07242016_16_33_18,2101,n
F103,lac07242016_16_33_18,2118,aa
F103,lac07242016_16_33_18,2222,uw
F103,lac07242016_16_33_18,2240,n
F103,lac07242016_16_33_18,2265,uw
F103,lac07242016_16_33_18,2363,iy
F103,lac07242016_16_33_18,2380,n
F103,lac07242016_16_33_18,2396,iy
F103,lac07242016_16_33_18,2518,aa
F103,lac07242016_16_33_18,2542,l
F103,lac07242016_16_33_18,2556,aa
F103,lac07242016_16_33_18,2658,uw
F103,lac07242016_16_33_18,2678,l
F103,lac07242016_16_33_18,2691,uw
F103,lac07242016_16_33_18,2795,iy
F103,lac07242016_16_33_18,2811,l
F103,lac07242016_16_33_18,2824,iy
F103,lac07242016_16_34_32,299,aa
F103,lac07242016_16_34_32,325,f
F103,lac07242016_16_34_32,344,aa
F103,lac07242016_16_34_32,455,uw
F103,lac07242016_16_34_32,475,f
F103,lac07242016_16_34_32,501,uw
F103,lac07242016_16_34_32,598,iy
F103,lac07242016_16_34_32,618,f
F103,lac07242016_16_34_32,640,iy
F103,lac07242016_16_34_32,757,aa
F103,lac07242016_16_34_32,780,v
F103,lac07242016_16_34_32,799,aa
F103,lac07242016_16_34_32,901,uw
F103,lac07242016_16_34_32,919,v
F103,lac07242016_16_34_32,944,uw
F103,lac07242016_16_34_32,1030,iy
F103,lac07242016_16_34_32,1051,v
F103,lac07242016_16_34_32,1074,iy
F103,lac07242016_16_34_32,1170,aa
F103,lac07242016_16_34_32,1192,r
F103,lac07242016_16_34_32,1210,aa
F103,lac07242016_16_34_32,1316,uw
F103,lac07242016_16_34_32,1332,r
F103,lac07242016_16_34_32,1359,uw
F103,lac07242016_16_34_32,1435,iy
F103,lac07242016_16_34_32,1456,r
F103,lac07242016_16_34_32,1479,iy
F103,lac07242016_16_34_32,1969,aa
F103,lac07242016_16_34_32,1989,w
F103,lac07242016_16_34_32,2004,aa
F103,lac07242016_16_34_32,2095,uw
F103,lac07242016_16_34_32,2108,w
F103,lac07242016_16_34_32,2120,uw
F103,lac07242016_16_34_32,2216,iy
F103,lac07242016_16_34_32,2233,w
F103,lac07242016_16_34_32,2246,iy
F103,lac07242016_16_34_32,2361,aa
F103,lac07242016_16_34_32,2383,y
F103,lac07242016_16_34_32,2398,aa
F103,lac07242016_16_34_32,2493,uw
F103,lac07242016_16_34_32,2513,y
F103,lac07242016_16_34_32,2537,uw
F103,lac07242016_16_34_32,2620,iy
F103,lac07242016_16_34_32,2634,y
F103,lac07242016_16_34_32,2644,iy
F103,lac07242016_16_35_44,198,b
F103,lac07242016_16_35_44,217,iy
F103,lac07242016_16_35_44,234,t
F103,lac07242016_16_35_44,331,b
F103,lac07242016_16_35_44,349,ih
F103,lac07242016_16_35_44,364,t
F103,lac07242016_16_35_44,454,b
F103,lac07242016_16_35_44,470,ey
F103,lac07242016_16_35_44,488,t
F103,lac07242016_16_35_44,569,b
F103,lac07242016_16_35_44,587,eh
F103,lac07242016_16_35_44,608,t
F103,lac07242016_16_35_44,710,b
F103,lac07242016_16_35_44,727,ae
F103,lac07242016_16_35_44,748,t
F103,lac07242016_16_35_44,891,b
F103,lac07242016_16_35_44,910,aa
F103,lac07242016_16_35_44,930,t
F103,lac07242016_16_35_44,979,b
F103,lac07242016_16_35_44,996,ah
F103,lac07242016_16_35_44,1015,t
F103,lac07242016_16_35_44,1089,p
F103,lac07242016_16_35_44,1109,ao
F103,lac07242016_16_35_44,1131,t
F103,lac07242016_16_35_44,1356,b
F103,lac07242016_16_35_44,1375,ah
F103,lac07242016_16_35_44,1393,t
F103,lac07242016_16_35_44,1494,b
F103,lac07242016_16_35_44,1512,aa
F103,lac07242016_16_35_44,1536,t
F103,lac07242016_16_35_44,1652,b
F103,lac07242016_16_35_44,1669,ao
F103,lac07242016_16_35_44,1690,t
F103,lac07242016_16_35_44,1777,b
F103,lac07242016_16_35_44,1794,uw
F103,lac07242016_16_35_44,1809,t
F103,lac07242016_16_35_44,1922,p
F103,lac07242016_16_35_44,1931,uh
F103,lac07242016_16_35_44,1955,t
F103,lac07242016_16_35_44,2062,b
F103,lac07242016_16_35_44,2087,ay
F103,lac07242016_16_35_44,2098,t
F103,lac07242016_16_35_44,2234,b
F103,lac07242016_16_35_44,2245,y
F103,lac07242016_16_35_44,2250,uw
F103,lac07242016_16_35_44,2263,t
F103,lac07242016_16_35_44,2359,b
F103,lac07242016_16_35_44,2379,r
F103,lac07242016_16_35_44,2393,d
F103,lac07242016_16_35_44,2489,b
F103,lac07242016_16_35_44,2503,oy
F103,lac07242016_16_35_44,2532,d
F103,lac07242016_16_35_44,2637,ae
F103,lac07242016_16_35_44,2652,b
F103,lac07242016_16_35_44,2659,ax
F103,lac07242016_16_35_44,2675,t
F103,lac07242016_16_45_04,144,aa
F103,lac07242016_16_45_04,161,p
F103,lac07242016_16_45_04,175,aa
F103,lac07242016_16_45_04,290,uw
F103,lac07242016_16_45_04,297,p
F103,lac07242016_16_45_04,317,uw
F103,lac07242016_16_45_04,421,iy
F103,lac07242016_16_45_04,435,p
F103,lac07242016_16_45_04,451,iy
F103,lac07242016_16_45_04,558,aa
F103,lac07242016_16_45_04,577,t
F103,lac07242016_16_45_04,601,aa
F103,lac07242016_16_45_04,691,uw
F103,lac07242016_16_45_04,706,t
F103,lac07242016_16_45_04,731,uw
F103,lac07242016_16_45_04,818,iy
F103,lac07242016_16_45_04,836,t
F103,lac07242016_16_45_04,854,iy
F103,lac07242016_16_45_04,965,aa
F103,lac07242016_16_45_04,981,k
F103,lac07242016_16_45_04,996,aa
F103,lac07242016_16_45_04,1105,uw
F103,lac07242016_16_45_04,1114,k
F103,lac07242016_16_45_04,1141,uw
F103,lac07242016_16_45_04,1236,iy
F103,lac07242016_16_45_04,1249,k
F103,lac07242016_16_45_04,1273,iy
F103,lac07242016_16_45_04,1377,aa
F103,lac07242016_16_45_04,1396,b
F103,lac07242016_16_45_04,1415,aa
F103,lac07242016_16_45_04,1505,uw
F103,lac07242016_16_45_04,1514,b
F103,lac07242016_16_45_04,1524,uw
F103,lac07242016_16_45_04,1625,iy
F103,lac07242016_16_45_04,1639,b
F103,lac07242016_16_45_04,1652,iy
F103,lac07242016_16_45_04,1762,aa
F103,lac07242016_16_45_04,1779,d
F103,lac07242016_16_45_04,1800,aa
F103,lac07242016_16_45_04,1891,uw
F103,lac07242016_16_45_04,1906,d
F103,lac07242016_16_45_04,1930,uw
F103,lac07242016_16_45_04,2024,iy
F103,lac07242016_16_45_04,2040,d
F103,lac07242016_16_45_04,2054,iy
F103,lac07242016_16_45_04,2171,aa
F103,lac07242016_16_45_04,2185,g
F103,lac07242016_16_45_04,2201,aa
F103,lac07242016_16_45_04,2304,uw
F103,lac07242016_16_45_04,2316,g
F103,lac07242016_16_45_04,2337,uw
F103,lac07242016_16_45_04,2443,iy
F103,lac07242016_16_45_04,2459,g
F103,lac07242016_16_45_04,2478,iy
F103,lac07242016_16_46_18,147,aa
F103,lac07242016_16_46_18,167,th
F103,lac07242016_16_46_18,192,aa
F103,lac07242016_16_46_18,283,uw
F103,lac07242016_16_46_18,304,th
F103,lac07242016_16_46_18,327,uw
F103,lac07242016_16_46_18,424,iy
F103,lac07242016_16_46_18,443,th
F103,lac07242016_16_46_18,464,iy
F103,lac07242016_16_46_18,582,aa
F103,lac07242016_16_46_18,602,s
F103,lac07242016_16_46_18,624,aa
F103,lac07242016_16_46_18,720,uw
F103,lac07242016_16_46_18,741,s
F103,lac07242016_16_46_18,765,uw
F103,lac07242016_16_46_18,868,iy
F103,lac07242016_16_46_18,886,s
F103,lac07242016_16_46_18,903,iy
F103,lac07242016_16_46_18,1041,aa
F103,lac07242016_16_46_18,1060,sh
F103,lac07242016_16_46_18,1083,aa
F103,lac07242016_16_46_18,1183,uw
F103,lac07242016_16_46_18,1202,sh
F103,lac07242016_16_46_18,1224,uw
F103,lac07242016_16_46_18,1325,iy
F103,lac07242016_16_46_18,1344,sh
F103,lac07242016_16_46_18,1367,iy
F103,lac07242016_16_46_18,1483,aa
F103,lac07242016_16_46_18,1503,m
F103,lac07242016_16_46_18,1519,aa
F103,lac07242016_16_46_18,1638,uw
F103,lac07242016_16_46_18,1645,m
F103,lac07242016_16_46_18,1665,uw
F103,lac07242016_16_46_18,1781,iy
F103,lac07242016_16_46_18,1796,m
F103,lac07242016_16_46_18,1809,iy
F103,lac07242016_16_46_18,1941,aa
F103,lac07242016_16_46_18,1956,n
F103,lac07242016_16_46_18,1972,aa
F103,lac07242016_16_46_18,2096,uw
F103,lac07242016_16_46_18,2108,n
F103,lac07242016_16_46_18,2136,uw
F103,lac07242016_16_46_18,2225,iy
F103,lac07242016_16_46_18,2235,n
F103,lac07242016_16_46_18,2255,iy
F103,lac07242016_16_46_18,2374,aa
F103,lac07242016_16_46_18,2392,l
F103,lac07242016_16_46_18,2407,aa
F103,lac07242016_16_46_18,2517,uw
F103,lac07242016_16_46_18,2530,l
F103,lac07242016_16_46_18,2545,uw
F103,lac07242016_16_46_18,2648,iy
F103,lac07242016_16_46_18,2668,l
F103,lac07242016_16_46_18,2681,iy
F103,lac07242016_16_47_33,218,aa
F103,lac07242016_16_47_33,237,f
F103,lac07242016_16_47_33,254,aa
F103,lac07242016_16_47_33,369,uw
F103,lac07242016_16_47_33,380,f
F103,lac07242016_16_47_33,409,uw
F103,lac07242016_16_47_33,513,iy
F103,lac07242016_16_47_33,531,f
F103,lac07242016_16_47_33,549,iy
F103,lac07242016_16_47_33,684,aa
F103,lac07242016_16_47_33,705,v
F103,lac07242016_16_47_33,724,aa
F103,lac07242016_16_47_33,823,uw
F103,lac07242016_16_47_33,843,v
F103,lac07242016_16_47_33,870,uw
F103,lac07242016_16_47_33,968,iy
F103,lac07242016_16_47_33,992,v
F103,lac07242016_16_47_33,1009,iy
F103,lac07242016_16_47_33,1120,aa
F103,lac07242016_16_47_33,1142,r
F103,lac07242016_16_47_33,1163,aa
F103,lac07242016_16_47_33,1264,uw
F103,lac07242016_16_47_33,1282,r
F103,lac07242016_16_47_33,1319,uw
F103,lac07242016_16_47_33,1415,iy
F103,lac07242016_16_47_33,1437,r
F103,lac07242016_16_47_33,1454,iy
F103,lac07242016_16_47_33,2028,aa
F103,lac07242016_16_47_33,2045,w
F103,lac07242016_16_47_33,2067,aa
F103,lac07242016_16_47_33,2164,uw
F103,lac07242016_16_47_33,2184,w
F103,lac07242016_16_47_33,2194,uw
F103,lac07242016_16_47_33,2317,iy
F103,lac07242016_16_47_33,2335,w
F103,lac07242016_16_47_33,2349,iy
F103,lac07242016_16_47_33,2464,aa
F103,lac07242016_16_47_33,2487,y
F103,lac07242016_16_47_33,2505,aa
F103,lac07242016_16_47_33,2619,uw
F103,lac07242016_16_47_33,2635,y
F103,lac07242016_16_47_33,2659,uw
F103,lac07242016_16_47_33,2751,iy
F103,lac07242016_16_47_33,2773,y
F103,lac07242016_16_47_33,2802,iy
F103,lac07242016_16_51_04,138,b
F103,lac07242016_16_51_04,151,iy
F103,lac07242016_16_51_04,175,t
F103,lac07242016_16_51_04,268,b
F103,lac07242016_16_51_04,282,ih
F103,lac07242016_16_51_04,295,t
F103,lac07242016_16_51_04,397,b
F103,lac07242016_16_51_04,413,ey
F103,lac07242016_16_51_04,426,t
F103,lac07242016_16_51_04,524,b
F103,lac07242016_16_51_04,538,eh
F103,lac07242016_16_51_04,556,t
F103,lac07242016_16_51_04,654,b
F103,lac07242016_16_51_04,671,ae
F103,lac07242016_16_51_04,689,t
F103,lac07242016_16_51_04,781,p
F103,lac07242016_16_51_04,796,aa
F103,lac07242016_16_51_04,814,t
F103,lac07242016_16_51_04,922,b
F103,lac07242016_16_51_04,937,ah
F103,lac07242016_16_51_04,952,t
F103,lac07242016_16_51_04,1052,b
F103,lac07242016_16_51_04,1066,aa
F103,lac07242016_16_51_04,1104,t
F103,lac07242016_16_51_04,1181,b
F103,lac07242016_16_51_04,1193,ao
F103,lac07242016_16_51_04,1222,t
F103,lac07242016_16_51_04,1308,b
F103,lac07242016_16_51_04,1322,uw
F103,lac07242016_16_51_04,1340,t
F103,lac07242016_16_51_04,1443,p
F103,lac07242016_16_51_04,1455,uh
F103,lac07242016_16_51_04,1482,t
F103,lac07242016_16_51_04,1579,b
F103,lac07242016_16_51_04,1588,ay
F103,lac07242016_16_51_04,1615,t
F103,lac07242016_16_51_04,1706,b
F103,lac07242016_16_51_04,1712,y
F103,lac07242016_16_51_04,1722,uw
F103,lac07242016_16_51_04,1736,t
F103,lac07242016_16_51_04,1863,b
F103,lac07242016_16_51_04,1882,r
F103,lac07242016_16_51_04,1899,d
F103,lac07242016_16_51_04,1998,b
F103,lac07242016_16_51_04,2013,oy
F103,lac07242016_16_51_04,2039,d
F103,lac07242016_16_51_04,2153,ae
F103,lac07242016_16_51_04,2165,b
F103,lac07242016_16_51_04,2180,ax
F103,lac07242016_16_51_04,2198,t
F104,lac02122017_19_59_05,120,aa
F104,lac02122017_19_59_05,149,p
F104,lac02122017_19_59_05,177,aa
F104,lac02122017_19_59_05,272,uw
F104,lac02122017_19_59_05,290,p
F104,lac02122017_19_59_05,304,uw
F104,lac02122017_19_59_05,419,iy
F104,lac02122017_19_59_05,441,p
F104,lac02122017_19_59_05,459,iy
F104,lac02122017_19_59_05,566,aa
F104,lac02122017_19_59_05,593,t
F104,lac02122017_19_59_05,617,aa
F104,lac02122017_19_59_05,736,uw
F104,lac02122017_19_59_05,748,t
F104,lac02122017_19_59_05,764,uw
F104,lac02122017_19_59_05,896,iy
F104,lac02122017_19_59_05,912,t
F104,lac02122017_19_59_05,932,iy
F104,lac02122017_19_59_05,1051,aa
F104,lac02122017_19_59_05,1068,k
F104,lac02122017_19_59_05,1091,aa
F104,lac02122017_19_59_05,1214,uw
F104,lac02122017_19_59_05,1231,k
F104,lac02122017_19_59_05,1264,uw
F104,lac02122017_19_59_05,1385,iy
F104,lac02122017_19_59_05,1399,k
F104,lac02122017_19_59_05,1413,iy
F104,lac02122017_19_59_05,1540,aa
F104,lac02122017_19_59_05,1561,b
F104,lac02122017_19_59_05,1574,aa
F104,lac02122017_19_59_05,1698,uw
F104,lac02122017_19_59_05,1714,b
F104,lac02122017_19_59_05,1735,uw
F104,lac02122017_19_59_05,1860,iy
F104,lac02122017_19_59_05,1876,b
F104,lac02122017_19_59_05,1894,iy
F104,lac02122017_19_59_05,2018,aa
F104,lac02122017_19_59_05,2036,d
F104,lac02122017_19_59_05,2057,aa
F104,lac02122017_19_59_05,2184,uw
F104,lac02122017_19_59_05,2199,d
F104,lac02122017_19_59_05,2225,uw
F104,lac02122017_19_59_05,2340,iy
F104,lac02122017_19_59_05,2350,d
F104,lac02122017_19_59_05,2374,iy
F104,lac02122017_19_59_05,2495,aa
F104,lac02122017_19_59_05,2515,g
F104,lac02122017_19_59_05,2539,aa
F104,lac02122017_19_59_05,2660,uw
F104,lac02122017_19_59_05,2677,g
F104,lac02122017_19_59_05,2701,uw
F104,lac02122017_19_59_05,2809,iy
F104,lac02122017_19_59_05,2831,g
F104,lac02122017_19_59_05,2839,iy
F104,lac02122017_20_00_35,122,aa
F104,lac02122017_20_00_35,147,th
F104,lac02122017_20_00_35,170,aa
F104,lac02122017_20_00_35,269,uw
F104,lac02122017_20_00_35,291,th
F104,lac02122017_20_00_35,310,uw
F104,lac02122017_20_00_35,412,iy
F104,lac02122017_20_00_35,438,th
F104,lac02122017_20_00_35,450,iy
F104,lac02122017_20_00_35,545,aa
F104,lac02122017_20_00_35,577,s
F104,lac02122017_20_00_35,597,aa
F104,lac02122017_20_00_35,701,uw
F104,lac02122017_20_00_35,718,s
F104,lac02122017_20_00_35,743,uw
F104,lac02122017_20_00_35,841,iy
F104,lac02122017_20_00_35,864,s
F104,lac02122017_20_00_35,884,iy
F104,lac02122017_20_00_35,990,aa
F104,lac02122017_20_00_35,1013,sh
F104,lac02122017_20_00_35,1038,aa
F104,lac02122017_20_00_35,1134,uw
F104,lac02122017_20_00_35,1160,sh
F104,lac02122017_20_00_35,1210,uw
F104,lac02122017_20_00_35,1283,iy
F104,lac02122017_20_00_35,1304,sh
F104,lac02122017_20_00_35,1324,iy
F104,lac02122017_20_00_35,1434,aa
F104,lac02122017_20_00_35,1456,m
F104,lac02122017_20_00_35,1467,aa
F104,lac02122017_20_00_35,1586,uw
F104,lac02122017_20_00_35,1601,m
F104,lac02122017_20_00_35,1635,uw
F104,lac02122017_20_00_35,1726,iy
F104,lac02122017_20_00_35,1745,m
F104,lac02122017_20_00_35,1766,iy
F104,lac02122017_20_00_35,1862,aa
F104,lac02122017_20_00_35,1886,n
F104,lac02122017_20_00_35,1932,aa
F104,lac02122017_20_00_35,2018,uw
F104,lac02122017_20_00_35,2034,n
F104,lac02122017_20_00_35,2077,uw
F104,lac02122017_20_00_35,2156,iy
F104,lac02122017_20_00_35,2178,n
F104,lac02122017_20_00_35,2225,iy
F104,lac02122017_20_00_35,2300,aa
F104,lac02122017_20_00_35,2321,l
F104,lac02122017_20_00_35,2340,aa
F104,lac02122017_20_00_35,2458,uw
F104,lac02122017_20_00_35,2472,l
F104,lac02122017_20_00_35,2493,uw
F104,lac02122017_20_00_35,2600,iy
F104,lac02122017_20_00_35,2619,l
F104,lac02122017_20_00_35,2661,iy
F104,lac02122017_20_02_02,113,aa
F104,lac02122017_20_02_02,133,f
F104,lac02122017_20_02_02,153,aa
F104,lac02122017_20_02_02,251,uw
F104,lac02122017_20_02_02,273,f
F104,lac02122017_20_02_02,326,uw
F104,lac02122017_20_02_02,385,iy
F104,lac02122017_20_02_02,412,f
F104,lac02122017_20_02_02,433,iy
F104,lac02122017_20_02_02,525,aa
F104,lac02122017_20_02_02,546,v
F104,lac02122017_20_02_02,563,aa
F104,lac02122017_20_02_02,655,uw
F104,lac02122017_20_02_02,686,v
F104,lac02122017_20_02_02,735,uw
F104,lac02122017_20_02_02,791,iy
F104,lac02122017_20_02_02,824,v
F104,lac02122017_20_02_02,840,iy
F104,lac02122017_20_02_02,938,aa
F104,lac02122017_20_02_02,960,r
F104,lac02122017_20_02_02,989,aa
F104,lac02122017_20_02_02,1089,uw
F104,lac02122017_20_02_02,1109,r
F104,lac02122017_20_02_02,1158,uw
F104,lac02122017_20_02_02,1224,iy
F104,lac02122017_20_02_02,1250,r
F104,lac02122017_20_02_02,1274,iy
F104,lac02122017_20_02_02,1789,aa
F104,lac02122017_20_02_02,1813,w
F104,lac02122017_20_02_02,1829,aa
F104,lac02122017_20_02_02,1924,uw
F104,lac02122017_20_02_02,1952,w
F104,lac02122017_20_02_02,1979,uw
F104,lac02122017_20_02_02,2072,iy
F104,lac02122017_20_02_02,2101,w
F104,lac02122017_20_02_02,2120,iy
F104,lac02122017_20_02_02,2218,aa
F104,lac02122017_20_02_02,2241,y
F104,lac02122017_20_02_02,2258,aa
F104,lac02122017_20_02_02,2366,uw
F104,lac02122017_20_02_02,2384,y
F104,lac02122017_20_02_02,2406,uw
F104,lac02122017_20_02_02,2511,iy
F104,lac02122017_20_02_02,2531,y
F104,lac02122017_20_02_02,2543,iy
F104,lac02122017_20_03_27,101,b
F104,lac02122017_20_03_27,116,iy
F104,lac02122017_20_03_27,143,t
F104,lac02122017_20_03_27,213,b
F104,lac02122017_20_03_27,230,ih
F104,lac02122017_20_03_27,244,t
F104,lac02122017_20_03_27,317,b
F104,lac02122017_20_03_27,336,ey
F104,lac02122017_20_03_27,352,t
F104,lac02122017_20_03_27,428,b
F104,lac02122017_20_03_27,442,eh
F104,lac02122017_20_03_27,461,t
F104,lac02122017_20_03_27,541,b
F104,lac02122017_20_03_27,555,ae
F104,lac02122017_20_03_27,575,t
F104,lac02122017_20_03_27,652,p
F104,lac02122017_20_03_27,672,aa
F104,lac02122017_20_03_27,694,t
F104,lac02122017_20_03_27,772,b
F104,lac02122017_20_03_27,784,ah
F104,lac02122017_20_03_27,805,t
F104,lac02122017_20_03_27,888,b
F104,lac02122017_20_03_27,906,aa
F104,lac02122017_20_03_27,931,t
F104,lac02122017_20_03_27,1007,b
F104,lac02122017_20_03_27,1019,ao
F104,lac02122017_20_03_27,1044,t
F104,lac02122017_20_03_27,1136,b
F104,lac02122017_20_03_27,1157,uw
F104,lac02122017_20_03_27,1172,t
F104,lac02122017_20_03_27,1260,p
F104,lac02122017_20_03_27,1272,uh
F104,lac02122017_20_03_27,1296,t
F104,lac02122017_20_03_27,1385,b
F104,lac02122017_20_03_27,1399,ay
F104,lac02122017_20_03_27,1422,t
F104,lac02122017_20_03_27,1513,b
F104,lac02122017_20_03_27,1525,y
F104,lac02122017_20_03_27,1538,uw
F104,lac02122017_20_03_27,1551,t
F104,lac02122017_20_03_27,1632,b
F104,lac02122017_20_03_27,1665,r
F104,lac02122017_20_03_27,1680,d
F104,lac02122017_20_03_27,1758,b
F104,lac02122017_20_03_27,1767,oy
F104,lac02122017_20_03_27,1804,d
F104,lac02122017_20_03_27,1894,ae
F104,lac02122017_20_03_27,1907,b
F104,lac02122017_20_03_27,1915,ax
F104,lac02122017_20_03_27,1933,t
F104,lac02122017_20_13_49,117,aa
F104,lac02122017_20_13_49,134,p
F104,lac02122017_20_13_49,161,aa
F104,lac02122017_20_13_49,245,uw
F104,lac02122017_20_13_49,267,p
F104,lac02122017_20_13_49,279,uw
F104,lac02122017_20_13_49,383,iy
F104,lac02122017_20_13_49,405,p
F104,lac02122017_20_13_49,429,iy
F104,lac02122017_20_13_49,523,aa
F104,lac02122017_20_13_49,542,t
F104,lac02122017_20_13_49,581,aa
F104,lac02122017_20_13_49,666,uw
F104,lac02122017_20_13_49,681,t
F104,lac02122017_20_13_49,739,uw
F104,lac02122017_20_13_49,810,iy
F104,lac02122017_20_13_49,828,t
F104,lac02122017_20_13_49,846,iy
F104,lac02122017_20_13_49,945,aa
F104,lac02122017_20_13_49,966,k
F104,lac02122017_20_13_49,994,aa
F104,lac02122017_20_13_49,1085,uw
F104,lac02122017_20_13_49,1103,k
F104,lac02122017_20_13_49,1161,uw
F104,lac02122017_20_13_49,1224,iy
F104,lac02122017_20_13_49,1237,k
F104,lac02122017_20_13_49,1256,iy
F104,lac02122017_20_13_49,1364,aa
F104,lac02122017_20_13_49,1385,b
F104,lac02122017_20_13_49,1396,aa
F104,lac02122017_20_13_49,1497,uw
F104,lac02122017_20_13_49,1516,b
F104,lac02122017_20_13_49,1533,uw
F104,lac02122017_20_13_49,1636,iy
F104,lac02122017_20_13_49,1659,b
F104,lac02122017_20_13_49,1679,iy
F104,lac02122017_20_13_49,1777,aa
F104,lac02122017_20_13_49,1795,d
F104,lac02122017_20_13_49,1811,aa
F104,lac02122017_20_13_49,1920,uw
F104,lac02122017_20_13_49,1933,d
F104,lac02122017_20_13_49,1962,uw
F104,lac02122017_20_13_49,2054,iy
F104,lac02122017_20_13_49,2067,d
F104,lac02122017_20_13_49,2084,iy
F104,lac02122017_20_13_49,2186,aa
F104,lac02122017_20_13_49,2204,g
F104,lac02122017_20_13_49,2217,aa
F104,lac02122017_20_13_49,2326,uw
F104,lac02122017_20_13_49,2343,g
F104,lac02122017_20_13_49,2366,uw
F104,lac02122017_20_13_49,2476,iy
F104,lac02122017_20_13_49,2494,g
F104,lac02122017_20_13_49,2508,iy
F104,lac02122017_20_15_10,109,aa
F104,lac02122017_20_15_10,130,th
F104,lac02122017_20_15_10,160,aa
F104,lac02122017_20_15_10,235,uw
F104,lac02122017_20_15_10,263,th
F104,lac02122017_20_15_10,278,uw
F104,lac02122017_20_15_10,365,iy
F104,lac02122017_20_15_10,386,th
F104,lac02122017_20_15_10,402,iy
F104,lac02122017_20_15_10,484,aa
F104,lac02122017_20_15_10,511,s
F104,lac02122017_20_15_10,533,aa
F104,lac02122017_20_15_10,612,uw
F104,lac02122017_20_15_10,633,s
F104,lac02122017_20_15_10,697,uw
F104,lac02122017_20_15_10,749,iy
F104,lac02122017_20_15_10,775,s
F104,lac02122017_20_15_10,801,iy
F104,lac02122017_20_15_10,877,aa
F104,lac02122017_20_15_10,905,sh
F104,lac02122017_20_15_10,936,aa
F104,lac02122017_20_15_10,1001,uw
F104,lac02122017_20_15_10,1025,sh
F104,lac02122017_20_15_10,1089,uw
F104,lac02122017_20_15_10,1137,iy
F104,lac02122017_20_15_10,1161,sh
F104,lac02122017_20_15_10,1218,iy
F104,lac02122017_20_15_10,1274,aa
F104,lac02122017_20_15_10,1299,m
F104,lac02122017_20_15_10,1322,aa
F104,lac02122017_20_15_10,1408,uw
F104,lac02122017_20_15_10,1421,m
F104,lac02122017_20_15_10,1477,uw
F104,lac02122017_20_15_10,1524,iy
F104,lac02122017_20_15_10,1559,m
F104,lac02122017_20_15_10,1605,iy
F104,lac02122017_20_15_10,1664,aa
F104,lac02122017_20_15_10,1683,n
F104,lac02122017_20_15_10,1716,aa
F104,lac02122017_20_15_10,1781,uw
F104,lac02122017_20_15_10,1815,n
F104,lac02122017_20_15_10,1856,uw
F104,lac02122017_20_15_10,1931,iy
F104,lac02122017_20_15_10,1950,n
F104,lac02122017_20_15_10,1972,iy
F104,lac02122017_20_15_10,2058,aa
F104,lac02122017_20_15_10,2082,l
F104,lac02122017_20_15_10,2101,aa
F104,lac02122017_20_15_10,2196,uw
F104,lac02122017_20_15_10,2212,l
F104,lac02122017_20_15_10,2241,uw
F104,lac02122017_20_15_10,2317,iy
F104,lac02122017_20_15_10,2335,l
F104,lac02122017_20_15_10,2351,iy
F104,lac02122017_20_16_27,104,aa
F104,lac02122017_20_16_27,127,f
F104,lac02122017_20_16_27,141,aa
F104,lac02122017_20_16_27,242,uw
F104,lac02122017_20_16_27,260,f
F104,lac02122017_20_16_27,296,uw
F104,lac02122017_20_16_27,369,iy
F104,lac02122017_20_16_27,391,f
F104,lac02122017_20_16_27,419,iy
F104,lac02122017_20_16_27,502,aa
F104,lac02122017_20_16_27,527,v
F104,lac02122017_20_16_27,534,aa
F104,lac02122017_20_16_27,634,uw
F104,lac02122017_20_16_27,658,v
F104,lac02122017_20_16_27,689,uw
F104,lac02122017_20_16_27,759,iy
F104,lac02122017_20_16_27,782,v
F104,lac02122017_20_16_27,796,iy
F104,lac02122017_20_16_27,893,aa
F104,lac02122017_20_16_27,916,r
F104,lac02122017_20_16_27,943,aa
F104,lac02122017_20_16_27,1018,uw
F104,lac02122017_20_16_27,1050,r
F104,lac02122017_20_16_27,1099,uw
F104,lac02122017_20_16_27,1143,iy
F104,lac02122017_20_16_27,1168,r
F104,lac02122017_20_16_27,1205,iy
F104,lac02122017_20_16_27,1669,aa
F104,lac02122017_20_16_27,1689,w
F104,lac02122017_20_16_27,1705,aa
F104,lac02122017_20_16_27,1798,uw
F104,lac02122017_20_16_27,1819,w
F104,lac02122017_20_16_27,1844,uw
F104,lac02122017_20_16_27,1927,iy
F104,lac02122017_20_16_27,1953,w
F104,lac02122017_20_16_27,1972,iy
F104,lac02122017_20_16_27,2061,aa
F104,lac02122017_20_16_27,2087,y
F104,lac02122017_20_16_27,2113,aa
F104,lac02122017_20_16_27,2203,uw
F104,lac02122017_20_16_27,2225,y
F104,lac02122017_20_16_27,2256,uw
F104,lac02122017_20_16_27,2343,iy
F104,lac02122017_20_16_27,2359,y
F104,lac02122017_20_16_27,2372,iy
F104,lac02122017_20_21_17,97,b
F104,lac02122017_20_21_17,114,iy
F104,lac02122017_20_21_17,133,t
F104,lac02122017_20_21_17,204,b
F104,lac02122017_20_21_17,220,ih
F104,lac02122017_20_21_17,236,t
F104,lac02122017_20_21_17,475,b
F104,lac02122017_20_21_17,491,ey
F104,lac02122017_20_21_17,506,t
F104,lac02122017_20_21_17,582,b
F104,lac02122017_20_21_17,598,eh
F104,lac02122017_20_21_17,618,t
F104,lac02122017_20_21_17,690,b
F104,lac02122017_20_21_17,711,ae
F104,lac02122017_20_21_17,725,t
F104,lac02122017_20_21_17,794,p
F104,lac02122017_20_21_17,813,aa
F104,lac02122017_20_21_17,840,t
F104,lac02122017_20_21_17,904,b
F104,lac02122017_20_21_17,919,ah
F104,lac02122017_20_21_17,939,t
F104,lac02122017_20_21_17,1013,b
F104,lac02122017_20_21_17,1031,aa
F104,lac02122017_20_21_17,1061,t
F104,lac02122017_20_21_17,1119,b
F104,lac02122017_20_21_17,1130,ao
F104,lac02122017_20_21_17,1157,t
F104,lac02122017_20_21_17,1226,b
F104,lac02122017_20_21_17,1239,uw
F104,lac02122017_20_21_17,1264,t
F104,lac02122017_20_21_17,1325,p
F104,lac02122017_20_21_17,1341,uh
F104,lac02122017_20_21_17,1363,t
F104,lac02122017_20_21_17,1431,b
F104,lac02122017_20_21_17,1442,ay
F104,lac02122017_20_21_17,,t
F104,lac02122017_20_21_17,1540,b
F104,lac02122017_20_21_17,1550,y
F104,lac02122017_20_21_17,1574,uw
F104,lac02122017_20_21_17,,t
F104,lac02122017_20_21_17,1640,b
F104,lac02122017_20_21_17,1674,r
F104,lac02122017_20_21_17,1685,d
F104,lac02122017_20_21_17,1746,b
F104,lac02122017_20_21_17,1762,oy
F104,lac02122017_20_21_17,1793,d
F104,lac02122017_20_21_17,1862,ae
F104,lac02122017_20_21_17,1879,b
F104,lac02122017_20_21_17,1892,ax
F104,lac02122017_20_21_17,1902,t
M101,lac02212016_17_41_5,271,aa
M101,lac02212016_17_41_5,298,p
M101,lac02212016_17_41_5,316,aa
M101,lac02212016_17_41_5,465,uw
M101,lac02212016_17_41_5,486,p
M101,lac02212016_17_41_5,500,uw
M101,lac02212016_17_41_5,681,iy
M101,lac02212016_17_41_5,701,p
M101,lac02212016_17_41_5,714,iy
M101,lac02212016_17_41_5,874,aa
M101,lac02212016_17_41_5,893,t
M101,lac02212016_17_41_5,917,aa
M101,lac02212016_17_41_5,1051,uw
M101,lac02212016_17_41_5,1065,t
M101,lac02212016_17_41_5,1087,uw
M101,lac02212016_17_41_5,1256,iy
M101,lac02212016_17_41_5,1271,t
M101,lac02212016_17_41_5,1287,iy
M101,lac02212016_17_41_5,1417,aa
M101,lac02212016_17_41_5,1433,k
M101,lac02212016_17_41_5,1449,aa
M101,lac02212016_17_41_5,1601,uw
M101,lac02212016_17_41_5,1615,k
M101,lac02212016_17_41_5,1640,uw
M101,lac02212016_17_41_5,1779,iy
M101,lac02212016_17_41_5,1793,k
M101,lac02212016_17_41_5,1811,iy
M101,lac02212016_17_41_5,1939,aa
M101,lac02212016_17_41_5,1951,b
M101,lac02212016_17_41_5,1969,aa
M101,lac02212016_17_41_5,2116,uw
M101,lac02212016_17_41_5,2125,b
M101,lac02212016_17_41_5,2136,uw
M101,lac02212016_17_41_5,2288,iy
M101,lac02212016_17_41_5,2299,b
M101,lac02212016_17_41_5,2312,iy
M101,lac02212016_17_41_5,2491,aa
M101,lac02212016_17_41_5,2504,d
M101,lac02212016_17_41_5,2520,aa
M101,lac02212016_17_41_5,2655,uw
M101,lac02212016_17_41_5,2670,d
M101,lac02212016_17_41_5,2684,uw
M101,lac02212016_17_41_5,2846,iy
M101,lac02212016_17_41_5,2859,d
M101,lac02212016_17_41_5,2872,iy
M101,lac02212016_17_41_5,2989,aa
M101,lac02212016_17_41_5,3003,g
M101,lac02212016_17_41_5,3025,aa
M101,lac02212016_17_41_5,3163,uw
M101,lac02212016_17_41_5,3175,g
M101,lac02212016_17_41_5,3189,uw
M101,lac02212016_17_41_5,3371,iy
M101,lac02212016_17_41_5,3385,g
M101,lac02212016_17_41_5,3408,iy
M101,lac02212016_17_43_2,170,aa
M101,lac02212016_17_43_2,186,p
M101,lac02212016_17_43_2,200,aa
M101,lac02212016_17_43_2,387,uw
M101,lac02212016_17_43_2,397,p
M101,lac02212016_17_43_2,408,uw
M101,lac02212016_17_43_2,567,iy
M101,lac02212016_17_43_2,578,p
M101,lac02212016_17_43_2,589,iy
M101,lac02212016_17_43_2,725,aa
M101,lac02212016_17_43_2,744,t
M101,lac02212016_17_43_2,773,aa
M101,lac02212016_17_43_2,930,uw
M101,lac02212016_17_43_2,945,t
M101,lac02212016_17_43_2,976,uw
M101,lac02212016_17_43_2,1090,iy
M101,lac02212016_17_43_2,1103,t
M101,lac02212016_17_43_2,1122,iy
M101,lac02212016_17_43_2,1370,aa
M101,lac02212016_17_43_2,1382,k
M101,lac02212016_17_43_2,1411,aa
M101,lac02212016_17_43_2,1544,uw
M101,lac02212016_17_43_2,1560,k
M101,lac02212016_17_43_2,1588,uw
M101,lac02212016_17_43_2,1712,iy
M101,lac02212016_17_43_2,1739,k
M101,lac02212016_17_43_2,1766,iy
M101,lac02212016_17_43_2,1970,aa
M101,lac02212016_17_43_2,1984,b
M101,lac02212016_17_43_2,1996,aa
M101,lac02212016_17_43_2,2135,uw
M101,lac02212016_17_43_2,2148,b
M101,lac02212016_17_43_2,2160,uw
M101,lac02212016_17_43_2,2313,iy
M101,lac02212016_17_43_2,2327,b
M101,lac02212016_17_43_2,2339,iy
M101,lac02212016_17_43_2,2588,aa
M101,lac02212016_17_43_2,2609,d
M101,lac02212016_17_43_2,2623,aa
M101,lac02212016_17_43_2,2767,uw
M101,lac02212016_17_43_2,2786,d
M101,lac02212016_17_43_2,2811,uw
M101,lac02212016_17_43_2,2965,iy
M101,lac02212016_17_43_2,2975,d
M101,lac02212016_17_43_2,2988,iy
M101,lac02212016_17_43_2,3138,aa
M101,lac02212016_17_43_2,3160,g
M101,lac02212016_17_43_2,3188,aa
M101,lac02212016_17_43_2,3321,uw
M101,lac02212016_17_43_2,3335,g
M101,lac02212016_17_43_2,3350,uw
M101,lac02212016_17_43_2,3575,iy
M101,lac02212016_17_43_2,3588,g
M101,lac02212016_17_43_2,3602,iy
M101,lac02212016_17_45_0,278,aa
M101,lac02212016_17_45_0,296,th
M101,lac02212016_17_45_0,323,aa
M101,lac02212016_17_45_0,470,uw
M101,lac02212016_17_45_0,497,th
M101,lac02212016_17_45_0,522,uw
M101,lac02212016_17_45_0,654,iy
M101,lac02212016_17_45_0,678,th
M101,lac02212016_17_45_0,704,iy
M101,lac02212016_17_45_0,856,aa
M101,lac02212016_17_45_0,874,s
M101,lac02212016_17_45_0,901,aa
M101,lac02212016_17_45_0,1054,uw
M101,lac02212016_17_45_0,1086,s
M101,lac02212016_17_45_0,1119,uw
M101,lac02212016_17_45_0,1239,iy
M101,lac02212016_17_45_0,1257,s
M101,lac02212016_17_45_0,1276,iy
M101,lac02212016_17_45_0,1429,aa
M101,lac02212016_17_45_0,1457,sh
M101,lac02212016_17_45_0,1492,aa
M101,lac02212016_17_45_0,1605,uw
M101,lac02212016_17_45_0,1628,sh
M101,lac02212016_17_45_0,1656,uw
M101,lac02212016_17_45_0,1772,iy
M101,lac02212016_17_45_0,1793,sh
M101,lac02212016_17_45_0,1826,iy
M101,lac02212016_17_45_0,1983,aa
M101,lac02212016_17_45_0,1996,m
M101,lac02212016_17_45_0,2017,aa
M101,lac02212016_17_45_0,2141,uw
M101,lac02212016_17_45_0,2154,m
M101,lac02212016_17_45_0,2165,uw
M101,lac02212016_17_45_0,2294,iy
M101,lac02212016_17_45_0,2317,m
M101,lac02212016_17_45_0,2332,iy
M101,lac02212016_17_45_0,2464,aa
M101,lac02212016_17_45_0,2483,n
M101,lac02212016_17_45_0,2506,aa
M101,lac02212016_17_45_0,2666,uw
M101,lac02212016_17_45_0,2682,n
M101,lac02212016_17_45_0,2703,uw
M101,lac02212016_17_45_0,2888,iy
M101,lac02212016_17_45_0,2903,n
M101,lac02212016_17_45_0,2917,iy
M101,lac02212016_17_45_0,3065,aa
M101,lac02212016_17_45_0,3084,l
M101,lac02212016_17_45_0,3102,aa
M101,lac02212016_17_45_0,3244,uw
M101,lac02212016_17_45_0,3258,l
M101,lac02212016_17_45_0,3284,uw
M101,lac02212016_17_45_0,3414,iy
M101,lac02212016_17_45_0,3431,l
M101,lac02212016_17_45_0,3447,iy
M101,lac02212016_17_46_2,201,aa
M101,lac02212016_17_46_2,229,f
M101,lac02212016_17_46_2,262,aa
M101,lac02212016_17_46_2,365,uw
M101,lac02212016_17_46_2,396,f
M101,lac02212016_17_46_2,417,uw
M101,lac02212016_17_46_2,560,iy
M101,lac02212016_17_46_2,586,f
M101,lac02212016_17_46_2,615,iy
M101,lac02212016_17_46_2,723,aa
M101,lac02212016_17_46_2,745,v
M101,lac02212016_17_46_2,766,aa
M101,lac02212016_17_46_2,888,uw
M101,lac02212016_17_46_2,906,v
M101,lac02212016_17_46_2,926,uw
M101,lac02212016_17_46_2,1036,iy
M101,lac02212016_17_46_2,1056,v
M101,lac02212016_17_46_2,1081,iy
M101,lac02212016_17_46_2,1221,aa
M101,lac02212016_17_46_2,1237,r
M101,lac02212016_17_46_2,1254,aa
M101,lac02212016_17_46_2,1374,uw
M101,lac02212016_17_46_2,1397,r
M101,lac02212016_17_46_2,1431,uw
M101,lac02212016_17_46_2,1536,iy
M101,lac02212016_17_46_2,1554,r
M101,lac02212016_17_46_2,1582,iy
M101,lac02212016_17_46_2,2206,aa
M101,lac02212016_17_46_2,2219,w
M101,lac02212016_17_46_2,2232,aa
M101,lac02212016_17_46_2,2360,uw
M101,lac02212016_17_46_2,2379,w
M101,lac02212016_17_46_2,2403,uw
M101,lac02212016_17_46_2,2519,iy
M101,lac02212016_17_46_2,2538,w
M101,lac02212016_17_46_2,2560,iy
M101,lac02212016_17_46_2,2674,aa
M101,lac02212016_17_46_2,2692,y
M101,lac02212016_17_46_2,2708,aa
M101,lac02212016_17_46_2,2857,uw
M101,lac02212016_17_46_2,2873,y
M101,lac02212016_17_46_2,2896,uw
M101,lac02212016_17_46_2,3025,iy
M101,lac02212016_17_46_2,3039,y
M101,lac02212016_17_46_2,3052,iy
M101,lac02212016_17_47_4,142,b
M101,lac02212016_17_47_4,161,iy
M101,lac02212016_17_47_4,174,t
M101,lac02212016_17_47_4,271,b
M101,lac02212016_17_47_4,289,ih
M101,lac02212016_17_47_4,301,t
M101,lac02212016_17_47_4,404,b
M101,lac02212016_17_47_4,418,ey
M101,lac02212016_17_47_4,436,t
M101,lac02212016_17_47_4,539,b
M101,lac02212016_17_47_4,553,eh
M101,lac02212016_17_47_4,567,t
M101,lac02212016_17_47_4,671,b
M101,lac02212016_17_47_4,684,ae
M101,lac02212016_17_47_4,702,t
M101,lac02212016_17_47_4,797,p
M101,lac02212016_17_47_4,814,aa
M101,lac02212016_17_47_4,828,t
M101,lac02212016_17_47_4,927,b
M101,lac02212016_17_47_4,941,ah
M101,lac02212016_17_47_4,958,t
M101,lac02212016_17_47_4,1092,b
M101,lac02212016_17_47_4,1112,ao
M101,lac02212016_17_47_4,1127,t
M101,lac02212016_17_47_4,1225,b
M101,lac02212016_17_47_4,1243,ow
M101,lac02212016_17_47_4,1261,t
M101,lac02212016_17_47_4,1364,b
M101,lac02212016_17_47_4,1381,ow
M101,lac02212016_17_47_4,1404,t
M101,lac02212016_17_47_4,1531,p
M101,lac02212016_17_47_4,1551,uh
M101,lac02212016_17_47_4,1564,t
M101,lac02212016_17_47_4,1742,b
M101,lac02212016_17_47_4,1757,ay
M101,lac02212016_17_47_4,1775,t
M101,lac02212016_17_47_4,1913,b
M101,lac02212016_17_47_4,1924,y
M101,lac02212016_17_47_4,1937,uw
M101,lac02212016_17_47_4,1943,t
M101,lac02212016_17_47_4,2047,b
M101,lac02212016_17_47_4,2068,r
M101,lac02212016_17_47_4,2081,d
M101,lac02212016_17_47_4,2199,b
M101,lac02212016_17_47_4,2213,oy
M101,lac02212016_17_47_4,2236,d
M101,lac02212016_17_47_4,2366,ah
M101,lac02212016_17_47_4,2378,b
M101,lac02212016_17_47_4,2396,ae
M101,lac02212016_17_47_4,2416,t
M101,lac02212016_18_03_5,198,aa
M101,lac02212016_18_03_5,214,p
M101,lac02212016_18_03_5,255,aa
M101,lac02212016_18_03_5,396,uw
M101,lac02212016_18_03_5,410,p
M101,lac02212016_18_03_5,427,uw
M101,lac02212016_18_03_5,576,iy
M101,lac02212016_18_03_5,594,p
M101,lac02212016_18_03_5,614,iy
M101,lac02212016_18_03_5,761,aa
M101,lac02212016_18_03_5,782,t
M101,lac02212016_18_03_5,822,aa
M101,lac02212016_18_03_5,947,uw
M101,lac02212016_18_03_5,970,t
M101,lac02212016_18_03_5,1016,uw
M101,lac02212016_18_03_5,1148,iy
M101,lac02212016_18_03_5,1165,t
M101,lac02212016_18_03_5,1197,iy
M101,lac02212016_18_03_5,1315,aa
M101,lac02212016_18_03_5,1352,k
M101,lac02212016_18_03_5,1380,aa
M101,lac02212016_18_03_5,1524,uw
M101,lac02212016_18_03_5,1544,k
M101,lac02212016_18_03_5,1573,uw
M101,lac02212016_18_03_5,1712,iy
M101,lac02212016_18_03_5,1730,k
M101,lac02212016_18_03_5,1749,iy
M101,lac02212016_18_03_5,1890,aa
M101,lac02212016_18_03_5,1912,b
M101,lac02212016_18_03_5,1931,aa
M101,lac02212016_18_03_5,2076,uw
M101,lac02212016_18_03_5,2090,b
M101,lac02212016_18_03_5,2104,uw
M101,lac02212016_18_03_5,2252,iy
M101,lac02212016_18_03_5,2269,b
M101,lac02212016_18_03_5,2289,iy
M101,lac02212016_18_03_5,2443,aa
M101,lac02212016_18_03_5,2464,d
M101,lac02212016_18_03_5,2487,aa
M101,lac02212016_18_03_5,2637,uw
M101,lac02212016_18_03_5,2661,d
M101,lac02212016_18_03_5,2692,uw
M101,lac02212016_18_03_5,2829,iy
M101,lac02212016_18_03_5,2845,d
M101,lac02212016_18_03_5,2863,iy
M101,lac02212016_18_03_5,3005,aa
M101,lac02212016_18_03_5,3024,g
M101,lac02212016_18_03_5,3049,aa
M101,lac02212016_18_03_5,3189,uw
M101,lac02212016_18_03_5,3209,g
M101,lac02212016_18_03_5,3233,uw
M101,lac02212016_18_03_5,3369,iy
M101,lac02212016_18_03_5,3390,g
M101,lac02212016_18_03_5,3409,iy
M101,lac02212016_18_05_2,161,aa
M101,lac02212016_18_05_2,183,th
M101,lac02212016_18_05_2,225,aa
M101,lac02212016_18_05_2,326,uw
M101,lac02212016_18_05_2,354,th
M101,lac02212016_18_05_2,399,uw
M101,lac02212016_18_05_2,498,iy
M101,lac02212016_18_05_2,519,th
M101,lac02212016_18_05_2,547,iy
M101,lac02212016_18_05_2,700,aa
M101,lac02212016_18_05_2,719,s
M101,lac02212016_18_05_2,749,aa
M101,lac02212016_18_05_2,872,uw
M101,lac02212016_18_05_2,899,s
M101,lac02212016_18_05_2,930,uw
M101,lac02212016_18_05_2,1043,iy
M101,lac02212016_18_05_2,1064,s
M101,lac02212016_18_05_2,1083,iy
M101,lac02212016_18_05_2,1211,aa
M101,lac02212016_18_05_2,1239,sh
M101,lac02212016_18_05_2,1264,aa
M101,lac02212016_18_05_2,1395,uw
M101,lac02212016_18_05_2,1424,sh
M101,lac02212016_18_05_2,1453,uw
M101,lac02212016_18_05_2,1573,iy
M101,lac02212016_18_05_2,1599,sh
M101,lac02212016_18_05_2,1628,iy
M101,lac02212016_18_05_2,1749,aa
M101,lac02212016_18_05_2,1777,m
M101,lac02212016_18_05_2,1798,aa
M101,lac02212016_18_05_2,1933,uw
M101,lac02212016_18_05_2,1953,m
M101,lac02212016_18_05_2,1971,uw
M101,lac02212016_18_05_2,2094,iy
M101,lac02212016_18_05_2,2119,m
M101,lac02212016_18_05_2,2141,iy
M101,lac02212016_18_05_2,2261,aa
M101,lac02212016_18_05_2,2275,n
M101,lac02212016_18_05_2,2293,aa
M101,lac02212016_18_05_2,2495,uw
M101,lac02212016_18_05_2,2516,n
M101,lac02212016_18_05_2,2537,uw
M101,lac02212016_18_05_2,2692,iy
M101,lac02212016_18_05_2,2709,n
M101,lac02212016_18_05_2,2725,iy
M101,lac02212016_18_05_2,2861,aa
M101,lac02212016_18_05_2,2887,l
M101,lac02212016_18_05_2,2907,aa
M101,lac02212016_18_05_2,3052,uw
M101,lac02212016_18_05_2,3077,l
M101,lac02212016_18_05_2,3101,uw
M101,lac02212016_18_05_2,3237,iy
M101,lac02212016_18_05_2,3256,l
M101,lac02212016_18_05_2,3285,iy
M101,lac02212016_18_07_0,178,aa
M101,lac02212016_18_07_0,195,f
M101,lac02212016_18_07_0,213,aa
M101,lac02212016_18_07_0,329,uw
M101,lac02212016_18_07_0,356,f
M101,lac02212016_18_07_0,413,uw
M101,lac02212016_18_07_0,503,iy
M101,lac02212016_18_07_0,529,f
M101,lac02212016_18_07_0,557,iy
M101,lac02212016_18_07_0,675,aa
M101,lac02212016_18_07_0,696,v
M101,lac02212016_18_07_0,718,aa
M101,lac02212016_18_07_0,837,uw
M101,lac02212016_18_07_0,882,v
M101,lac02212016_18_07_0,922,uw
M101,lac02212016_18_07_0,1015,iy
M101,lac02212016_18_07_0,1044,v
M101,lac02212016_18_07_0,1075,iy
M101,lac02212016_18_07_0,1186,aa
M101,lac02212016_18_07_0,1219,r
M101,lac02212016_18_07_0,1239,aa
M101,lac02212016_18_07_0,1359,uw
M101,lac02212016_18_07_0,1389,r
M101,lac02212016_18_07_0,1426,uw
M101,lac02212016_18_07_0,1519,iy
M101,lac02212016_18_07_0,1556,r
M101,lac02212016_18_07_0,1600,iy
M101,lac02212016_18_07_0,2323,aa
M101,lac02212016_18_07_0,2338,w
M101,lac02212016_18_07_0,2361,aa
M101,lac02212016_18_07_0,2495,uw
M101,lac02212016_18_07_0,2523,w
M101,lac02212016_18_07_0,2556,uw
M101,lac02212016_18_07_0,2746,iy
M101,lac02212016_18_07_0,2762,w
M101,lac02212016_18_07_0,2783,iy
M101,lac02212016_18_08_3,2915,aa
M101,lac02212016_18_08_3,2935,y
M101,lac02212016_18_08_3,2958,aa
M101,lac02212016_18_08_3,3081,uw
M101,lac02212016_18_08_3,3099,y
M101,lac02212016_18_08_3,3128,uw
M101,lac02212016_18_08_3,3263,iy
M101,lac02212016_18_08_3,3284,y
M101,lac02212016_18_08_3,3304,iy
M101,lac02212016_18_08_3,138,b
M101,lac02212016_18_08_3,151,iy
M101,lac02212016_18_08_3,163,t
M101,lac02212016_18_08_3,252,b
M101,lac02212016_18_08_3,264,ih
M101,lac02212016_18_08_3,278,t
M101,lac02212016_18_08_3,373,b
M101,lac02212016_18_08_3,382,ey
M101,lac02212016_18_08_3,401,t
M101,lac02212016_18_08_3,494,b
M101,lac02212016_18_08_3,509,eh
M101,lac02212016_18_08_3,523,t
M101,lac02212016_18_08_3,604,b
M101,lac02212016_18_08_3,627,ae
M101,lac02212016_18_08_3,644,t
M101,lac02212016_18_08_3,729,p
M101,lac02212016_18_08_3,753,aa
M101,lac02212016_18_08_3,765,t
M101,lac02212016_18_08_3,862,b
M101,lac02212016_18_08_3,883,ah
M101,lac02212016_18_08_3,896,t
M101,lac02212016_18_08_3,992,b
M101,lac02212016_18_08_3,1022,ao
M101,lac02212016_18_08_3,1035,t
M101,lac02212016_18_08_3,1121,b
M101,lac02212016_18_08_3,1144,ow
M101,lac02212016_18_08_3,1162,t
M101,lac02212016_18_08_3,1255,b
M101,lac02212016_18_08_3,1267,ow
M101,lac02212016_18_08_3,1283,t
M101,lac02212016_18_08_3,1431,p
M101,lac02212016_18_08_3,1445,uh
M101,lac02212016_18_08_3,1459,t
M101,lac02212016_18_08_3,1561,b
M101,lac02212016_18_08_3,1571,ay
M101,lac02212016_18_08_3,1587,t
M101,lac02212016_18_08_3,1703,b
M101,lac02212016_18_08_3,1713,y
M101,lac02212016_18_08_3,1722,uw
M101,lac02212016_18_08_3,1732,t
M101,lac02212016_18_08_3,1826,b
M101,lac02212016_18_08_3,1845,r
M101,lac02212016_18_08_3,1864,d
M101,lac02212016_18_08_3,1973,b
M101,lac02212016_18_08_3,1990,oy
M101,lac02212016_18_08_3,2009,d
M101,lac02212016_18_08_3,2127,ah
M101,lac02212016_18_08_3,2136,b
M101,lac02212016_18_08_3,2150,ae
M101,lac02212016_18_08_3,2170,t
M102,lac03062016_19_44_0,521,aa
M102,lac03062016_19_44_0,534,p
M102,lac03062016_19_44_0,560,aa
M102,lac03062016_19_44_0,668,uw
M102,lac03062016_19_44_0,679,p
M102,lac03062016_19_44_0,702,uw
M102,lac03062016_19_44_0,817,iy
M102,lac03062016_19_44_0,833,p
M102,lac03062016_19_44_0,844,iy
M102,lac03062016_19_44_0,962,aa
M102,lac03062016_19_44_0,981,t
M102,lac03062016_19_44_0,1011,aa
M102,lac03062016_19_44_0,1113,uw
M102,lac03062016_19_44_0,1126,t
M102,lac03062016_19_44_0,1158,uw
M102,lac03062016_19_44_0,1284,iy
M102,lac03062016_19_44_0,1300,t
M102,lac03062016_19_44_0,1319,iy
M102,lac03062016_19_44_0,1427,aa
M102,lac03062016_19_44_0,1449,k
M102,lac03062016_19_44_0,1478,aa
M102,lac03062016_19_44_0,1574,uw
M102,lac03062016_19_44_0,1592,k
M102,lac03062016_19_44_0,1611,uw
M102,lac03062016_19_44_0,1724,iy
M102,lac03062016_19_44_0,1744,k
M102,lac03062016_19_44_0,1768,iy
M102,lac03062016_19_44_0,1892,aa
M102,lac03062016_19_44_0,1906,b
M102,lac03062016_19_44_0,1925,aa
M102,lac03062016_19_44_0,2058,uw
M102,lac03062016_19_44_0,2068,b
M102,lac03062016_19_44_0,2088,uw
M102,lac03062016_19_44_0,2204,iy
M102,lac03062016_19_44_0,2219,b
M102,lac03062016_19_44_0,2238,iy
M102,lac03062016_19_44_0,2355,aa
M102,lac03062016_19_44_0,2377,d
M102,lac03062016_19_44_0,2391,aa
M102,lac03062016_19_44_0,2515,uw
M102,lac03062016_19_44_0,2535,d
M102,lac03062016_19_44_0,2550,uw
M102,lac03062016_19_44_0,2682,iy
M102,lac03062016_19_44_0,2695,d
M102,lac03062016_19_44_0,2716,iy
M102,lac03062016_19_44_0,2836,aa
M102,lac03062016_19_44_0,2852,g
M102,lac03062016_19_44_0,2872,aa
M102,lac03062016_19_44_0,2971,uw
M102,lac03062016_19_44_0,2989,g
M102,lac03062016_19_44_0,3006,uw
M102,lac03062016_19_44_0,3140,iy
M102,lac03062016_19_44_0,3152,g
M102,lac03062016_19_44_0,3171,iy
M102,lac03062016_19_45_4,131,aa
M102,lac03062016_19_45_4,147,th
M102,lac03062016_19_45_4,170,aa
M102,lac03062016_19_45_4,277,uw
M102,lac03062016_19_45_4,293,th
M102,lac03062016_19_45_4,331,uw
M102,lac03062016_19_45_4,444,iy
M102,lac03062016_19_45_4,459,th
M102,lac03062016_19_45_4,477,iy
M102,lac03062016_19_45_4,608,aa
M102,lac03062016_19_45_4,626,s
M102,lac03062016_19_45_4,650,aa
M102,lac03062016_19_45_4,760,uw
M102,lac03062016_19_45_4,782,s
M102,lac03062016_19_45_4,811,uw
M102,lac03062016_19_45_4,953,iy
M102,lac03062016_19_45_4,971,s
M102,lac03062016_19_45_4,992,iy
M102,lac03062016_19_45_4,1126,aa
M102,lac03062016_19_45_4,1143,sh
M102,lac03062016_19_45_4,1180,aa
M102,lac03062016_19_45_4,1289,uw
M102,lac03062016_19_45_4,1306,sh
M102,lac03062016_19_45_4,1342,uw
M102,lac03062016_19_45_4,1462,iy
M102,lac03062016_19_45_4,1479,sh
M102,lac03062016_19_45_4,1509,iy
M102,lac03062016_19_45_4,1657,aa
M102,lac03062016_19_45_4,1675,m
M102,lac03062016_19_45_4,1691,aa
M102,lac03062016_19_45_4,1824,uw
M102,lac03062016_19_45_4,1837,m
M102,lac03062016_19_45_4,1854,uw
M102,lac03062016_19_45_4,1986,iy
M102,lac03062016_19_45_4,1997,m
M102,lac03062016_19_45_4,2012,iy
M102,lac03062016_19_45_4,2156,aa
M102,lac03062016_19_45_4,2174,n
M102,lac03062016_19_45_4,2189,aa
M102,lac03062016_19_45_4,2336,uw
M102,lac03062016_19_45_4,2355,n
M102,lac03062016_19_45_4,2369,uw
M102,lac03062016_19_45_4,2517,iy
M102,lac03062016_19_45_4,2534,n
M102,lac03062016_19_45_4,2547,iy
M102,lac03062016_19_45_4,2675,aa
M102,lac03062016_19_45_4,2696,l
M102,lac03062016_19_45_4,2714,aa
M102,lac03062016_19_45_4,2832,uw
M102,lac03062016_19_45_4,2846,l
M102,lac03062016_19_45_4,2881,uw
M102,lac03062016_19_45_4,3016,iy
M102,lac03062016_19_45_4,3029,l
M102,lac03062016_19_45_4,3050,iy
M102,lac03062016_19_46_5,147,aa
M102,lac03062016_19_46_5,166,f
M102,lac03062016_19_46_5,195,aa
M102,lac03062016_19_46_5,307,uw
M102,lac03062016_19_46_5,328,f
M102,lac03062016_19_46_5,344,uw
M102,lac03062016_19_46_5,464,iy
M102,lac03062016_19_46_5,479,f
M102,lac03062016_19_46_5,502,iy
M102,lac03062016_19_46_5,629,aa
M102,lac03062016_19_46_5,643,v
M102,lac03062016_19_46_5,669,aa
M102,lac03062016_19_46_5,773,uw
M102,lac03062016_19_46_5,791,v
M102,lac03062016_19_46_5,812,uw
M102,lac03062016_19_46_5,936,iy
M102,lac03062016_19_46_5,954,v
M102,lac03062016_19_46_5,972,iy
M102,lac03062016_19_46_5,1108,aa
M102,lac03062016_19_46_5,1124,r
M102,lac03062016_19_46_5,1150,aa
M102,lac03062016_19_46_5,1272,uw
M102,lac03062016_19_46_5,1291,r
M102,lac03062016_19_46_5,1320,uw
M102,lac03062016_19_46_5,1462,iy
M102,lac03062016_19_46_5,1473,r
M102,lac03062016_19_46_5,1495,iy
M102,lac03062016_19_46_5,2132,aa
M102,lac03062016_19_46_5,2150,w
M102,lac03062016_19_46_5,2179,aa
M102,lac03062016_19_46_5,2294,uw
M102,lac03062016_19_46_5,2309,w
M102,lac03062016_19_46_5,2324,uw
M102,lac03062016_19_46_5,2460,iy
M102,lac03062016_19_46_5,2474,w
M102,lac03062016_19_46_5,2497,iy
M102,lac03062016_19_46_5,2638,aa
M102,lac03062016_19_46_5,2657,y
M102,lac03062016_19_46_5,2678,aa
M102,lac03062016_19_46_5,2795,uw
M102,lac03062016_19_46_5,2813,y
M102,lac03062016_19_46_5,2850,uw
M102,lac03062016_19_46_5,2974,iy
M102,lac03062016_19_46_5,2986,y
M102,lac03062016_19_46_5,3008,iy
M102,lac03062016_19_48_1,130,b
M102,lac03062016_19_48_1,146,iy
M102,lac03062016_19_48_1,160,t
M102,lac03062016_19_48_1,284,b
M102,lac03062016_19_48_1,298,ih
M102,lac03062016_19_48_1,313,t
M102,lac03062016_19_48_1,448,b
M102,lac03062016_19_48_1,464,ey
M102,lac03062016_19_48_1,482,t
M102,lac03062016_19_48_1,599,b
M102,lac03062016_19_48_1,612,eh
M102,lac03062016_19_48_1,626,t
M102,lac03062016_19_48_1,761,b
M102,lac03062016_19_48_1,778,ae
M102,lac03062016_19_48_1,794,t
M102,lac03062016_19_48_1,925,p
M102,lac03062016_19_48_1,944,aa
M102,lac03062016_19_48_1,959,t
M102,lac03062016_19_48_1,1080,b
M102,lac03062016_19_48_1,1094,ah
M102,lac03062016_19_48_1,1109,t
M102,lac03062016_19_48_1,1229,b
M102,lac03062016_19_48_1,1251,ao
M102,lac03062016_19_48_1,1269,t
M102,lac03062016_19_48_1,1379,b
M102,lac03062016_19_48_1,1394,ow
M102,lac03062016_19_48_1,1415,t
M102,lac03062016_19_48_1,1516,b
M102,lac03062016_19_48_1,1527,uw
M102,lac03062016_19_48_1,1548,t
M102,lac03062016_19_48_1,1688,p
M102,lac03062016_19_48_1,1700,uh
M102,lac03062016_19_48_1,1717,t
M102,lac03062016_19_48_1,1838,b
M102,lac03062016_19_48_1,1850,ay
M102,lac03062016_19_48_1,1870,t
M102,lac03062016_19_48_1,2000,b
M102,lac03062016_19_48_1,2013,uw
M102,lac03062016_19_48_1,2027,t
M102,lac03062016_19_48_1,2137,b
M102,lac03062016_19_48_1,2156,r
M102,lac03062016_19_48_1,2170,d
M102,lac03062016_19_48_1,2289,b
M102,lac03062016_19_48_1,2306,oy
M102,lac03062016_19_48_1,2331,d
M102,lac03062016_19_48_1,2441,ae
M102,lac03062016_19_48_1,2454,b
M102,lac03062016_19_48_1,2465,ax
M102,lac03062016_19_48_1,2478,t
M102,lac03062016_19_59_2,165,aa
M102,lac03062016_19_59_2,179,p
M102,lac03062016_19_59_2,197,aa
M102,lac03062016_19_59_2,316,uw
M102,lac03062016_19_59_2,330,p
M102,lac03062016_19_59_2,350,uw
M102,lac03062016_19_59_2,475,iy
M102,lac03062016_19_59_2,489,p
M102,lac03062016_19_59_2,505,iy
M102,lac03062016_19_59_2,640,aa
M102,lac03062016_19_59_2,659,t
M102,lac03062016_19_59_2,694,aa
M102,lac03062016_19_59_2,812,uw
M102,lac03062016_19_59_2,827,t
M102,lac03062016_19_59_2,855,uw
M102,lac03062016_19_59_2,978,iy
M102,lac03062016_19_59_2,996,t
M102,lac03062016_19_59_2,1016,iy
M102,lac03062016_19_59_2,1142,aa
M102,lac03062016_19_59_2,1160,k
M102,lac03062016_19_59_2,1196,aa
M102,lac03062016_19_59_2,1311,uw
M102,lac03062016_19_59_2,1323,k
M102,lac03062016_19_59_2,1350,uw
M102,lac03062016_19_59_2,1460,iy
M102,lac03062016_19_59_2,1481,k
M102,lac03062016_19_59_2,1502,iy
M102,lac03062016_19_59_2,1649,aa
M102,lac03062016_19_59_2,1664,b
M102,lac03062016_19_59_2,1684,aa
M102,lac03062016_19_59_2,1810,uw
M102,lac03062016_19_59_2,1826,b
M102,lac03062016_19_59_2,1841,uw
M102,lac03062016_19_59_2,1980,iy
M102,lac03062016_19_59_2,1994,b
M102,lac03062016_19_59_2,2009,iy
M102,lac03062016_19_59_2,2160,aa
M102,lac03062016_19_59_2,2177,d
M102,lac03062016_19_59_2,2202,aa
M102,lac03062016_19_59_2,2306,uw
M102,lac03062016_19_59_2,2324,d
M102,lac03062016_19_59_2,2345,uw
M102,lac03062016_19_59_2,2476,iy
M102,lac03062016_19_59_2,2490,d
M102,lac03062016_19_59_2,2503,iy
M102,lac03062016_19_59_2,2645,aa
M102,lac03062016_19_59_2,2662,g
M102,lac03062016_19_59_2,2679,aa
M102,lac03062016_19_59_2,2794,uw
M102,lac03062016_19_59_2,2805,g
M102,lac03062016_19_59_2,2826,uw
M102,lac03062016_19_59_2,2962,iy
M102,lac03062016_19_59_2,2975,g
M102,lac03062016_19_59_2,2991,iy
M102,lac03062016_20_00_4,149,aa
M102,lac03062016_20_00_4,167,th
M102,lac03062016_20_00_4,190,aa
M102,lac03062016_20_00_4,309,uw
M102,lac03062016_20_00_4,325,th
M102,lac03062016_20_00_4,349,uw
M102,lac03062016_20_00_4,469,iy
M102,lac03062016_20_00_4,482,th
M102,lac03062016_20_00_4,501,iy
M102,lac03062016_20_00_4,626,aa
M102,lac03062016_20_00_4,640,s
M102,lac03062016_20_00_4,679,aa
M102,lac03062016_20_00_4,773,uw
M102,lac03062016_20_00_4,790,s
M102,lac03062016_20_00_4,820,uw
M102,lac03062016_20_00_4,943,iy
M102,lac03062016_20_00_4,959,s
M102,lac03062016_20_00_4,979,iy
M102,lac03062016_20_00_4,1116,aa
M102,lac03062016_20_00_4,1134,sh
M102,lac03062016_20_00_4,1177,aa
M102,lac03062016_20_00_4,1259,uw
M102,lac03062016_20_00_4,1273,sh
M102,lac03062016_20_00_4,1307,uw
M102,lac03062016_20_00_4,1410,iy
M102,lac03062016_20_00_4,1427,sh
M102,lac03062016_20_00_4,1452,iy
M102,lac03062016_20_00_4,1578,aa
M102,lac03062016_20_00_4,1596,m
M102,lac03062016_20_00_4,1619,aa
M102,lac03062016_20_00_4,1742,uw
M102,lac03062016_20_00_4,1755,m
M102,lac03062016_20_00_4,1770,uw
M102,lac03062016_20_00_4,1902,iy
M102,lac03062016_20_00_4,1917,m
M102,lac03062016_20_00_4,1940,iy
M102,lac03062016_20_00_4,2052,aa
M102,lac03062016_20_00_4,2071,n
M102,lac03062016_20_00_4,2092,aa
M102,lac03062016_20_00_4,2197,uw
M102,lac03062016_20_00_4,2218,n
M102,lac03062016_20_00_4,2239,uw
M102,lac03062016_20_00_4,2362,iy
M102,lac03062016_20_00_4,2375,n
M102,lac03062016_20_00_4,2390,iy
M102,lac03062016_20_00_4,2521,aa
M102,lac03062016_20_00_4,2540,l
M102,lac03062016_20_00_4,2565,aa
M102,lac03062016_20_00_4,2674,uw
M102,lac03062016_20_00_4,2694,l
M102,lac03062016_20_00_4,2716,uw
M102,lac03062016_20_00_4,2849,iy
M102,lac03062016_20_00_4,2862,l
M102,lac03062016_20_00_4,2875,iy
M102,lac03062016_20_01_4,166,aa
M102,lac03062016_20_01_4,186,f
M102,lac03062016_20_01_4,224,aa
M102,lac03062016_20_01_4,354,uw
M102,lac03062016_20_01_4,373,f
M102,lac03062016_20_01_4,389,uw
M102,lac03062016_20_01_4,518,iy
M102,lac03062016_20_01_4,530,f
M102,lac03062016_20_01_4,561,iy
M102,lac03062016_20_01_4,698,aa
M102,lac03062016_20_01_4,716,v
M102,lac03062016_20_01_4,735,aa
M102,lac03062016_20_01_4,846,uw
M102,lac03062016_20_01_4,858,v
M102,lac03062016_20_01_4,878,uw
M102,lac03062016_20_01_4,1001,iy
M102,lac03062016_20_01_4,1015,v
M102,lac03062016_20_01_4,1039,iy
M102,lac03062016_20_01_4,1169,aa
M102,lac03062016_20_01_4,1185,r
M102,lac03062016_20_01_4,1211,aa
M102,lac03062016_20_01_4,1316,uw
M102,lac03062016_20_01_4,1337,r
M102,lac03062016_20_01_4,1360,uw
M102,lac03062016_20_01_4,1478,iy
M102,lac03062016_20_01_4,1492,r
M102,lac03062016_20_01_4,1507,iy
M102,lac03062016_20_01_4,2120,aa
M102,lac03062016_20_01_4,2140,w
M102,lac03062016_20_01_4,2159,aa
M102,lac03062016_20_01_4,2265,uw
M102,lac03062016_20_01_4,2286,w
M102,lac03062016_20_01_4,2302,uw
M102,lac03062016_20_01_4,2438,iy
M102,lac03062016_20_01_4,2451,w
M102,lac03062016_20_01_4,2464,iy
M102,lac03062016_20_01_4,2607,aa
M102,lac03062016_20_01_4,2628,y
M102,lac03062016_20_01_4,2647,aa
M102,lac03062016_20_01_4,2766,uw
M102,lac03062016_20_01_4,2780,y
M102,lac03062016_20_01_4,2801,uw
M102,lac03062016_20_01_4,2923,iy
M102,lac03062016_20_01_4,2941,y
M102,lac03062016_20_01_4,2958,iy
M102,lac03062016_20_02_5,166,b
M102,lac03062016_20_02_5,182,iy
M102,lac03062016_20_02_5,196,t
M102,lac03062016_20_02_5,304,b
M102,lac03062016_20_02_5,321,ih
M102,lac03062016_20_02_5,331,t
M102,lac03062016_20_02_5,462,b
M102,lac03062016_20_02_5,475,ey
M102,lac03062016_20_02_5,494,t
M102,lac03062016_20_02_5,610,b
M102,lac03062016_20_02_5,622,eh
M102,lac03062016_20_02_5,637,t
M102,lac03062016_20_02_5,745,b
M102,lac03062016_20_02_5,761,ae
M102,lac03062016_20_02_5,777,t
M102,lac03062016_20_02_5,884,p
M102,lac03062016_20_02_5,903,aa
M102,lac03062016_20_02_5,920,t
M102,lac03062016_20_02_5,1021,b
M102,lac03062016_20_02_5,1035,ah
M102,lac03062016_20_02_5,1050,t
M102,lac03062016_20_02_5,1161,b
M102,lac03062016_20_02_5,1180,aa
M102,lac03062016_20_02_5,1197,t
M102,lac03062016_20_02_5,1303,b
M102,lac03062016_20_02_5,1313,ow
M102,lac03062016_20_02_5,1334,t
M102,lac03062016_20_02_5,1439,b
M102,lac03062016_20_02_5,1454,uw
M102,lac03062016_20_02_5,1471,t
M102,lac03062016_20_02_5,1587,p
M102,lac03062016_20_02_5,1599,uh
M102,lac03062016_20_02_5,1612,t
M102,lac03062016_20_02_5,1721,b
M102,lac03062016_20_02_5,1733,ay
M102,lac03062016_20_02_5,1754,t
M102,lac03062016_20_02_5,1873,b
M102,lac03062016_20_02_5,1882,y
M102,lac03062016_20_02_5,1889,uw
M102,lac03062016_20_02_5,1897,t
M102,lac03062016_20_02_5,2010,b
M102,lac03062016_20_02_5,2044,r
M102,lac03062016_20_02_5,2047,d
M102,lac03062016_20_02_5,2144,b
M102,lac03062016_20_02_5,2160,oy
M102,lac03062016_20_02_5,2182,d
M103,lac04172016_19_39_1,233,aa
M103,lac04172016_19_39_1,246,p
M103,lac04172016_19_39_1,281,aa
M103,lac04172016_19_39_1,413,uw
M103,lac04172016_19_39_1,424,p
M103,lac04172016_19_39_1,468,uw
M103,lac04172016_19_39_1,576,iy
M103,lac04172016_19_39_1,588,p
M103,lac04172016_19_39_1,606,iy
M103,lac04172016_19_39_1,742,aa
M103,lac04172016_19_39_1,756,t
M103,lac04172016_19_39_1,794,aa
M103,lac04172016_19_39_1,913,uw
M103,lac04172016_19_39_1,923,t
M103,lac04172016_19_39_1,961,uw
M103,lac04172016_19_39_1,1082,iy
M103,lac04172016_19_39_1,1098,t
M103,lac04172016_19_39_1,1123,iy
M103,lac04172016_19_39_1,1258,aa
M103,lac04172016_19_39_1,1278,k
M103,lac04172016_19_39_1,1306,aa
M103,lac04172016_19_39_1,1435,uw
M103,lac04172016_19_39_1,1444,k
M103,lac04172016_19_39_1,1477,uw
M103,lac04172016_19_39_1,1586,iy
M103,lac04172016_19_39_1,1603,k
M103,lac04172016_19_39_1,1617,iy
M103,lac04172016_19_39_1,1759,aa
M103,lac04172016_19_39_1,1772,b
M103,lac04172016_19_39_1,1790,aa
M103,lac04172016_19_39_1,1921,uw
M103,lac04172016_19_39_1,1936,b
M103,lac04172016_19_39_1,1947,uw
M103,lac04172016_19_39_1,2076,iy
M103,lac04172016_19_39_1,2089,b
M103,lac04172016_19_39_1,2104,iy
M103,lac04172016_19_39_1,2243,aa
M103,lac04172016_19_39_1,2254,d
M103,lac04172016_19_39_1,2275,aa
M103,lac04172016_19_39_1,2416,uw
M103,lac04172016_19_39_1,2429,d
M103,lac04172016_19_39_1,2471,uw
M103,lac04172016_19_39_1,2570,iy
M103,lac04172016_19_39_1,2585,d
M103,lac04172016_19_39_1,2606,iy
M103,lac04172016_19_39_1,2727,aa
M103,lac04172016_19_39_1,2739,g
M103,lac04172016_19_39_1,2762,aa
M103,lac04172016_19_39_1,2885,uw
M103,lac04172016_19_39_1,2897,g
M103,lac04172016_19_39_1,2932,uw
M103,lac04172016_19_39_1,3039,iy
M103,lac04172016_19_39_1,3054,g
M103,lac04172016_19_39_1,3063,iy
M103,lac04172016_19_40_4,252,aa
M103,lac04172016_19_40_4,267,th
M103,lac04172016_19_40_4,296,aa
M103,lac04172016_19_40_4,424,uw
M103,lac04172016_19_40_4,438,th
M103,lac04172016_19_40_4,482,uw
M103,lac04172016_19_40_4,602,iy
M103,lac04172016_19_40_4,622,th
M103,lac04172016_19_40_4,656,iy
M103,lac04172016_19_40_4,777,aa
M103,lac04172016_19_40_4,792,s
M103,lac04172016_19_40_4,822,aa
M103,lac04172016_19_40_4,943,uw
M103,lac04172016_19_40_4,960,s
M103,lac04172016_19_40_4,1002,uw
M103,lac04172016_19_40_4,1113,iy
M103,lac04172016_19_40_4,1131,s
M103,lac04172016_19_40_4,1157,iy
M103,lac04172016_19_40_4,1327,aa
M103,lac04172016_19_40_4,1345,sh
M103,lac04172016_19_40_4,1386,aa
M103,lac04172016_19_40_4,1508,uw
M103,lac04172016_19_40_4,1528,sh
M103,lac04172016_19_40_4,1570,uw
M103,lac04172016_19_40_4,1674,iy
M103,lac04172016_19_40_4,1693,sh
M103,lac04172016_19_40_4,1737,iy
M103,lac04172016_19_40_4,1863,aa
M103,lac04172016_19_40_4,1878,m
M103,lac04172016_19_40_4,1897,aa
M103,lac04172016_19_40_4,2016,uw
M103,lac04172016_19_40_4,2036,m
M103,lac04172016_19_40_4,2077,uw
M103,lac04172016_19_40_4,2178,iy
M103,lac04172016_19_40_4,2189,m
M103,lac04172016_19_40_4,2227,iy
M103,lac04172016_19_40_4,2339,aa
M103,lac04172016_19_40_4,2355,n
M103,lac04172016_19_40_4,2382,aa
M103,lac04172016_19_40_4,2514,uw
M103,lac04172016_19_40_4,2529,n
M103,lac04172016_19_40_4,2567,uw
M103,lac04172016_19_40_4,2660,iy
M103,lac04172016_19_40_4,2678,n
M103,lac04172016_19_40_4,2717,iy
M103,lac04172016_19_40_4,2880,aa
M103,lac04172016_19_40_4,2892,l
M103,lac04172016_19_40_4,2921,aa
M103,lac04172016_19_40_4,3063,uw
M103,lac04172016_19_40_4,3073,l
M103,lac04172016_19_40_4,3109,uw
M103,lac04172016_19_40_4,3204,iy
M103,lac04172016_19_40_4,3218,l
M103,lac04172016_19_40_4,3241,iy
M103,lac04172016_19_42_0,196,aa
M103,lac04172016_19_42_0,212,f
M103,lac04172016_19_42_0,232,aa
M103,lac04172016_19_42_0,369,uw
M103,lac04172016_19_42_0,385,f
M103,lac04172016_19_42_0,418,uw
M103,lac04172016_19_42_0,523,iy
M103,lac04172016_19_42_0,548,f
M103,lac04172016_19_42_0,570,iy
M103,lac04172016_19_42_0,712,aa
M103,lac04172016_19_42_0,727,w
M103,lac04172016_19_42_0,752,aa
M103,lac04172016_19_42_0,915,uw
M103,lac04172016_19_42_0,913,w
M103,lac04172016_19_42_0,1076,uw
M103,lac04172016_19_42_0,1097,v
M103,lac04172016_19_42_0,1146,uw
M103,lac04172016_19_42_0,1301,iy
M103,lac04172016_19_42_0,1316,v
M103,lac04172016_19_42_0,1351,iy
M103,lac04172016_19_42_0,1678,aa
M103,lac04172016_19_42_0,1694,r
M103,lac04172016_19_42_0,1727,aa
M103,lac04172016_19_42_0,1857,uw
M103,lac04172016_19_42_0,1883,r
M103,lac04172016_19_42_0,1919,uw
M103,lac04172016_19_42_0,2029,iy
M103,lac04172016_19_42_0,2046,r
M103,lac04172016_19_42_0,2079,iy
M103,lac04172016_19_42_0,2774,aa
M103,lac04172016_19_42_0,2789,w
M103,lac04172016_19_42_0,2807,aa
M103,lac04172016_19_42_0,2924,uw
M103,lac04172016_19_42_0,2937,w
M103,lac04172016_19_42_0,2977,uw
M103,lac04172016_19_42_0,3088,iy
M103,lac04172016_19_42_0,3104,w
M103,lac04172016_19_42_0,3120,iy
M103,lac04172016_19_42_0,3302,aa
M103,lac04172016_19_42_0,3318,y
M103,lac04172016_19_42_0,3341,aa
M103,lac04172016_19_42_0,3457,uw
M103,lac04172016_19_42_0,3469,y
M103,lac04172016_19_42_0,3510,uw
M103,lac04172016_19_42_0,3608,iy
M103,lac04172016_19_42_0,3629,y
M103,lac04172016_19_42_0,3670,iy
M103,lac04172016_19_43_4,174,b
M103,lac04172016_19_43_4,191,iy
M103,lac04172016_19_43_4,206,t
M103,lac04172016_19_43_4,303,b
M103,lac04172016_19_43_4,321,ih
M103,lac04172016_19_43_4,335,t
M103,lac04172016_19_43_4,442,b
M103,lac04172016_19_43_4,455,ey
M103,lac04172016_19_43_4,475,t
M103,lac04172016_19_43_4,575,b
M103,lac04172016_19_43_4,591,eh
M103,lac04172016_19_43_4,607,t
M103,lac04172016_19_43_4,711,b
M103,lac04172016_19_43_4,733,ae
M103,lac04172016_19_43_4,748,t
M103,lac04172016_19_43_4,850,p
M103,lac04172016_19_43_4,878,aa
M103,lac04172016_19_43_4,892,t
M103,lac04172016_19_43_4,986,b
M103,lac04172016_19_43_4,999,ah
M103,lac04172016_19_43_4,1017,t
M103,lac04172016_19_43_4,1123,b
M103,lac04172016_19_43_4,1139,aa
M103,lac04172016_19_43_4,1159,t
M103,lac04172016_19_43_4,1255,b
M103,lac04172016_19_43_4,1268,ow
M103,lac04172016_19_43_4,1289,t
M103,lac04172016_19_43_4,1385,b
M103,lac04172016_19_43_4,1404,uw
M103,lac04172016_19_43_4,1418,t
M103,lac04172016_19_43_4,1520,p
M103,lac04172016_19_43_4,1539,uh
M103,lac04172016_19_43_4,1555,t
M103,lac04172016_19_43_4,1655,b
M103,lac04172016_19_43_4,1670,ay
M103,lac04172016_19_43_4,1695,t
M103,lac04172016_19_43_4,1804,b
M103,lac04172016_19_43_4,1813,y
M103,lac04172016_19_43_4,1827,uw
M103,lac04172016_19_43_4,1835,t
M103,lac04172016_19_43_4,1931,b
M103,lac04172016_19_43_4,1959,r
M103,lac04172016_19_43_4,1975,d
M103,lac04172016_19_43_4,2067,b
M103,lac04172016_19_43_4,2086,oy
M103,lac04172016_19_43_4,2115,d
M103,lac04172016_19_43_4,2212,ax
M103,lac04172016_19_43_4,2225,b
M103,lac04172016_19_43_4,2240,ah
M103,lac04172016_19_43_4,2259,t
M103,lac04172016_20_01_3,203,aa
M103,lac04172016_20_01_3,219,p
M103,lac04172016_20_01_3,248,aa
M103,lac04172016_20_01_3,385,uw
M103,lac04172016_20_01_3,397,p
M103,lac04172016_20_01_3,443,uw
M103,lac04172016_20_01_3,557,iy
M103,lac04172016_20_01_3,571,p
M103,lac04172016_20_01_3,609,iy
M103,lac04172016_20_01_3,720,aa
M103,lac04172016_20_01_3,734,t
M103,lac04172016_20_01_3,774,aa
M103,lac04172016_20_01_3,890,uw
M103,lac04172016_20_01_3,903,t
M103,lac04172016_20_01_3,947,uw
M103,lac04172016_20_01_3,1049,iy
M103,lac04172016_20_01_3,1067,t
M103,lac04172016_20_01_3,1107,iy
M103,lac04172016_20_01_3,1236,aa
M103,lac04172016_20_01_3,1252,k
M103,lac04172016_20_01_3,1293,aa
M103,lac04172016_20_01_3,1433,uw
M103,lac04172016_20_01_3,1448,k
M103,lac04172016_20_01_3,1495,uw
M103,lac04172016_20_01_3,1604,iy
M103,lac04172016_20_01_3,1616,k
M103,lac04172016_20_01_3,1632,iy
M103,lac04172016_20_01_3,1788,aa
M103,lac04172016_20_01_3,1802,b
M103,lac04172016_20_01_3,1818,aa
M103,lac04172016_20_01_3,1953,uw
M103,lac04172016_20_01_3,1965,b
M103,lac04172016_20_01_3,2000,uw
M103,lac04172016_20_01_3,2122,iy
M103,lac04172016_20_01_3,2135,b
M103,lac04172016_20_01_3,2144,iy
M103,lac04172016_20_01_3,2294,aa
M103,lac04172016_20_01_3,2313,d
M103,lac04172016_20_01_3,2340,aa
M103,lac04172016_20_01_3,2491,uw
M103,lac04172016_20_01_3,2504,d
M103,lac04172016_20_01_3,2539,uw
M103,lac04172016_20_01_3,2644,iy
M103,lac04172016_20_01_3,2659,d
M103,lac04172016_20_01_3,2699,iy
M103,lac04172016_20_01_3,2825,aa
M103,lac04172016_20_01_3,2839,g
M103,lac04172016_20_01_3,2876,aa
M103,lac04172016_20_01_3,2983,uw
M103,lac04172016_20_01_3,3004,g
M103,lac04172016_20_01_3,3043,uw
M103,lac04172016_20_01_3,3146,iy
M103,lac04172016_20_01_3,3163,g
M103,lac04172016_20_01_3,3200,iy
M103,lac04172016_20_03_0,144,aa
M103,lac04172016_20_03_0,157,th
M103,lac04172016_20_03_0,192,aa
M103,lac04172016_20_03_0,303,uw
M103,lac04172016_20_03_0,325,th
M103,lac04172016_20_03_0,363,uw
M103,lac04172016_20_03_0,465,iy
M103,lac04172016_20_03_0,489,th
M103,lac04172016_20_03_0,529,iy
M103,lac04172016_20_03_0,673,aa
M103,lac04172016_20_03_0,690,s
M103,lac04172016_20_03_0,727,aa
M103,lac04172016_20_03_0,850,uw
M103,lac04172016_20_03_0,868,s
M103,lac04172016_20_03_0,913,uw
M103,lac04172016_20_03_0,1039,iy
M103,lac04172016_20_03_0,1061,s
M103,lac04172016_20_03_0,1089,iy
M103,lac04172016_20_03_0,1316,aa
M103,lac04172016_20_03_0,1337,sh
M103,lac04172016_20_03_0,1370,aa
M103,lac04172016_20_03_0,1492,uw
M103,lac04172016_20_03_0,1510,sh
M103,lac04172016_20_03_0,1558,uw
M103,lac04172016_20_03_0,1681,iy
M103,lac04172016_20_03_0,1705,sh
M103,lac04172016_20_03_0,1746,iy
M103,lac04172016_20_03_0,1890,aa
M103,lac04172016_20_03_0,1904,m
M103,lac04172016_20_03_0,1916,aa
M103,lac04172016_20_03_0,2045,uw
M103,lac04172016_20_03_0,2062,m
M103,lac04172016_20_03_0,2106,uw
M103,lac04172016_20_03_0,2224,iy
M103,lac04172016_20_03_0,2240,m
M103,lac04172016_20_03_0,2260,iy
M103,lac04172016_20_03_0,2427,aa
M103,lac04172016_20_03_0,2443,m
M103,lac04172016_20_03_0,2461,aa
M103,lac04172016_20_03_0,2649,uw
M103,lac04172016_20_03_0,2674,m
M103,lac04172016_20_03_0,2717,uw
M103,lac04172016_20_03_0,2877,iy
M103,lac04172016_20_03_0,2892,l
M103,lac04172016_20_03_0,2916,iy
M103,lac04172016_20_03_0,3190,aa
M103,lac04172016_20_03_0,3203,l
M103,lac04172016_20_03_0,3245,aa
M103,lac04172016_20_03_0,3351,uw
M103,lac04172016_20_03_0,3369,l
M103,lac04172016_20_03_0,3409,uw
M103,lac04172016_20_03_0,3506,iy
M103,lac04172016_20_03_0,3524,l
M103,lac04172016_20_03_0,3562,iy
M103,lac04172016_20_04_2,192,aa
M103,lac04172016_20_04_2,211,f
M103,lac04172016_20_04_2,246,aa
M103,lac04172016_20_04_2,359,uw
M103,lac04172016_20_04_2,375,f
M103,lac04172016_20_04_2,417,uw
M103,lac04172016_20_04_2,530,iy
M103,lac04172016_20_04_2,553,f
M103,lac04172016_20_04_2,570,iy
M103,lac04172016_20_04_2,755,aa
M103,lac04172016_20_04_2,772,v
M103,lac04172016_20_04_2,809,aa
M103,lac04172016_20_04_2,901,uw
M103,lac04172016_20_04_2,924,v
M103,lac04172016_20_04_2,963,uw
M103,lac04172016_20_04_2,1075,iy
M103,lac04172016_20_04_2,1088,v
M103,lac04172016_20_04_2,1119,iy
M103,lac04172016_20_04_2,1321,aa
M103,lac04172016_20_04_2,1354,r
M103,lac04172016_20_04_2,1389,aa
M103,lac04172016_20_04_2,1481,uw
M103,lac04172016_20_04_2,1508,r
M103,lac04172016_20_04_2,1547,uw
M103,lac04172016_20_04_2,1630,iy
M103,lac04172016_20_04_2,1658,r
M103,lac04172016_20_04_2,1699,iy
M103,lac04172016_20_04_2,2355,aa
M103,lac04172016_20_04_2,2374,w
M103,lac04172016_20_04_2,2413,aa
M103,lac04172016_20_04_2,2513,uw
M103,lac04172016_20_04_2,2525,w
M103,lac04172016_20_04_2,2564,uw
M103,lac04172016_20_04_2,2671,iy
M103,lac04172016_20_04_2,2690,w
M103,lac04172016_20_04_2,2705,iy
M103,lac04172016_20_04_2,2876,aa
M103,lac04172016_20_04_2,2903,y
M103,lac04172016_20_04_2,2933,aa
M103,lac04172016_20_04_2,3080,uw
M103,lac04172016_20_04_2,3096,y
M103,lac04172016_20_04_2,3134,uw
M103,lac04172016_20_04_2,3246,iy
M103,lac04172016_20_04_2,3268,y
M103,lac04172016_20_04_2,3295,iy
M103,lac04172016_20_05_4,181,b
M103,lac04172016_20_05_4,201,iy
M103,lac04172016_20_05_4,213,t
M103,lac04172016_20_05_4,311,b
M103,lac04172016_20_05_4,328,ih
M103,lac04172016_20_05_4,343,t
M103,lac04172016_20_05_4,448,b
M103,lac04172016_20_05_4,464,ey
M103,lac04172016_20_05_4,483,t
M103,lac04172016_20_05_4,585,b
M103,lac04172016_20_05_4,604,eh
M103,lac04172016_20_05_4,621,t
M103,lac04172016_20_05_4,713,b
M103,lac04172016_20_05_4,735,ae
M103,lac04172016_20_05_4,754,t
M103,lac04172016_20_05_4,842,p
M103,lac04172016_20_05_4,872,aa
M103,lac04172016_20_05_4,887,t
M103,lac04172016_20_05_4,986,b
M103,lac04172016_20_05_4,999,ah
M103,lac04172016_20_05_4,1016,t
M103,lac04172016_20_05_4,1107,b
M103,lac04172016_20_05_4,1125,ao
M103,lac04172016_20_05_4,1144,t
M103,lac04172016_20_05_4,1235,b
M103,lac04172016_20_05_4,1252,ow
M103,lac04172016_20_05_4,1273,t
M103,lac04172016_20_05_4,1363,b
M103,lac04172016_20_05_4,1373,uw
M103,lac04172016_20_05_4,1397,t
M103,lac04172016_20_05_4,1493,p
M103,lac04172016_20_05_4,1514,uh
M103,lac04172016_20_05_4,1530,t
M103,lac04172016_20_05_4,1634,b
M103,lac04172016_20_05_4,1647,ay
M103,lac04172016_20_05_4,1670,t
M103,lac04172016_20_05_4,1768,b
M103,lac04172016_20_05_4,1778,y
M103,lac04172016_20_05_4,1794,uw
M103,lac04172016_20_05_4,1800,t
M103,lac04172016_20_05_4,1895,b
M103,lac04172016_20_05_4,1912,r
M103,lac04172016_20_05_4,1943,d
M103,lac04172016_20_05_4,2035,b
M103,lac04172016_20_05_4,2048,oy
M103,lac04172016_20_05_4,2087,d
M103,lac04172016_20_05_4,2179,ae
M103,lac04172016_20_05_4,2189,b
M103,lac04172016_20_05_4,2204,ax
M103,lac04172016_20_05_4,2221,t
